CASE_ID,PARTY_NUMBER,PARTY_TYPE,AT_FAULT,PARTY_SEX,PARTY_AGE,PARTY_SOBRIETY,PARTY_DRUG_PHYSICAL,DIR_OF_TRAVEL,PARTY_SAFETY_EQUIP_1,PARTY_SAFETY_EQUIP_2,FINAN_RESPONS,SP_INFO_1,SP_INFO_2,SP_INFO_3,OAF_VIOLATION_CODE,OAF_VIOL_CAT,OAF_VIOL_SECTION,OAF_VIOLATION_SUFFIX,OAF_1,OAF_2,PARTY_NUMBER_KILLED,PARTY_NUMBER_INJURED,MOVE_PRE_ACC,VEHICLE_YEAR,VEHICLE_MAKE,STWD_VEHICLE_TYPE,CHP_VEH_TYPE_TOWING,CHP_VEH_TYPE_TOWED,RACE,INATTENTION,SPECIAL_INFO_F,SPECIAL_INFO_G,ACCIDENT_YEAR
90529017,1,1,Y,M,38,A,-,E,M,G,Y,-,3,-,-,"- ",,,N,-,0,8,B,2004,INTE,F,26,,W,,-,-,2017
91219870,1,1,Y,M,21,G,G,S,L,G,Y,-,3,-,-,"- ",,,N,-,1,0,B,2008,HONDA,A,01,,W,,-,-,2020
91219870,2,1,N,M,52,A,-,N,M,G,Y,-,3,-,-,"- ",,,N,-,0,0,A,2015,PETER,G,25,40,O,,-,-,2020
91963838,1,1,Y,M,83,A,-,N,M,H,Y,-,3,-,-,"- ",,,N,-,0,1,C,2023,DODG,D,22,,W,,-,-,2023
92276649,1,1,N,F,27,B,-,N,L,H,Y,-,1,-,,31,22107,,A,-,0,1,M,1997,PONT,A,01,,O,,-,-,2023
6921532,1,1,Y,M,42,B,-,E,P,W,Y,-,3,-,,25,22350,,A,-,0,1,B,1999,HARLEY-DAVIDSON,C,02,,W,,-,-,2015
91866908,1,1,N,F,31,A,I,N,L,G,Y,-,3,-,-,"- ",,,N,-,0,1,C,2003,KIA,A,01,,W,,-,-,2022
90874645,1,1,Y,F,54,B,-,S,L,G,Y,-,3,-,,31,22107,,A,-,0,1,M,2017,ACURA,A,01,,W,,-,-,2018
91715466,1,1,Y,F,75,A,-,N,L,B,Y,-,4,-,-,"- ",,,N,-,1,0,N,2002,CHRY,A,08,,W,,-,-,2021
91715466,2,1,N,M,43,A,-,S,P,G,Y,A,3,-,-,"- ",,,N,-,0,1,B,2018,INTL,F,77,,O,,-,-,2021
91715466,3,1,N,M,50,A,-,N,L,G,Y,-,3,-,-,"- ",,,N,-,0,1,B,2021,CHEV,D,22,,W,,-,-,2021
91529528,1,1,Y,M,59,A,-,E,P,G,N,-,4,-,-,"- ",,,N,-,0,2,B,1992,FORD,E,22,35,W,,-,-,2021
91529528,2,1,N,M,48,A,-,E,P,G,Y,-,3,-,-,"- ",,,N,-,0,0,D,2018,PTRB,G,27,28,W,,-,-,2021
91295550,1,1,Y,M,38,B,-,N,L,G,Y,-,3,-,,31,22107,,A,-,0,1,M,2003,KIA,A,01,,W,,-,-,2020
90271256,1,1,Y,M,49,A,-,S,M,G,Y,-,3,-,-,"- ",,,N,-,0,2,L,1998,CHEVY,D,22,,H,,-,-,2016
90271256,2,1,N,M,73,A,-,W,L,G,Y,-,3,-,-,"- ",,,N,-,0,3,B,1998,CHEVY,A,01,,W,,-,-,2016
92062290,1,5,Y,M,58,A,-,N,-,-,O,-,3,-,-,"- ",,,N,-,0,1,B,2005,YAMA,C,06,,W,,-,-,2023
90581573,1,1,Y,M,60,B,-,N,M,G,Y,-,3,-,,31,22107,,A,-,0,2,M,2004,SUBA,A,01,,W,,-,-,2017
94395003,1,1,Y,F,20,A,-,W,M,G,Y,-,3,-,-,"- ",,,E,-,0,0,B,2013,CHEV,D,22,,O,,-,-,2024
94395003,2,4,N,M,52,A,-,W,-,P,O,-,4,-,-,"- ",,,N,-,1,0,B,,GIANT,L,04,,W,,-,-,2024
91621759,1,1,N,M,21,G,G,N,-,V,N,-,3,-,-,"- ",,,N,-,0,1,B,2021,KAWK,C,02,,W,,-,-,2021
91621759,2,1,N,M,20,G,G,S,-,V,N,-,3,-,-,"- ",,,N,-,0,1,B,2021,KAWK,C,02,,W,,-,-,2021
94368660,1,1,Y,M,28,A,I,S,B,G,Y,-,3,-,-,"- ",,,M,-,0,1,C,2014,SUBA,A,01,,W,,-,-,2024
91089077,1,1,Y,M,25,A,-,S,M,H,Y,-,3,-,-,"- ",,,N,-,1,0,M,2007,CHEVY,D,22,,W,,-,-,2019
91276614,1,1,Y,M,40,B,-,S,-,V,N,-,3,-,,31,22107,,A,-,0,1,M,2006,HONDA,C,02,,W,,-,-,2020
91219671,1,1,Y,F,49,B,-,N,L,G,N,-,3,-,,31,22107,,A,-,0,1,M,2016,NISS,D,22,,W,,-,-,2020
92421620,1,1,Y,M,35,B,-,E,L,H,Y,-,3,-,,31,22107,,A,-,0,1,M,2002,CHEV,A,07,,W,,-,-,2024
90336513,1,1,Y,F,49,A,-,N,L,G,Y,-,3,-,-,"- ",,,N,-,0,1,B,2005,SUBARU,A,01,,W,,-,-,2016
90336513,2,1,N,M,79,A,-,S,L,G,Y,-,3,-,-,"- ",,,N,-,0,2,B,2004,DODGE,E,22,36,W,,-,-,2016
92093402,1,1,Y,M,24,B,-,S,L,H,N,-,4,-,,31,22107,,A,-,0,1,M,2001,CHEV,D,22,,H,,-,-,2023
92093402,2,1,N,M,70,A,-,N,L,G,Y,-,3,-,-,"- ",,,N,-,0,2,B,2007,DODG,D,22,,W,,-,-,2023
92440830,1,1,Y,M,20,B,-,N,P,V,Y,-,3,-,,31,22107,,A,-,0,1,B,2003,YAMA,C,06,,W,,-,-,2024
92279349,1,1,Y,F,85,A,-,S,L,G,Y,-,3,-,-,"- ",,,N,-,1,0,M,2014,KIA,A,07,,W,,-,-,2023
6612197,1,1,Y,F,51,B,-,E,L,G,Y,-,3,-,,31,22107,,A,-,0,1,B,2000,OLDSMOBILE,A,01,,W,,-,-,2014
91161980,1,1,Y,M,68,A,-,W,L,G,Y,-,3,-,-,"- ",,,N,-,0,3,M,2012,SUBA,A,01,,W,,-,-,2019
92074152,1,1,Y,M,18,A,-,W,L,H,Y,-,3,-,-,"- ",,,N,-,0,1,C,2006,TOYT,D,22,,W,,-,-,2023
90414881,1,1,Y,F,26,B,-,S,M,B,Y,-,3,-,,25,22350,,A,-,0,0,B,2009,TOYOTA,A,01,,H,,-,-,2016
90414881,2,2,N,M,35,B,-,N,-,-,O,-,-,-,-,"- ",,,-,-,0,1,-,,-,N,60,,O,,-,-,2016
91435468,1,1,Y,M,31,B,-,W,M,G,Y,-,3,-,,25,22350,,A,-,0,2,B,2003,CHEV,A,07,,W,,-,-,2021
92315177,1,1,Y,M,59,A,-,W,P,W,Y,-,3,-,-,"- ",,,N,-,0,1,B,2003,HD,C,02,,W,,-,-,2024
90719512,1,1,Y,M,20,A,-,E,M,G,Y,-,3,-,-,"- ",,,N,-,0,1,M,1992,CHEV,A,07,,O,,-,-,2018
91243126,1,1,Y,F,34,G,G,E,L,G,Y,-,3,-,-,"- ",,,N,-,1,0,N,2002,SUBA,A,01,,W,,-,-,2020
91243126,2,1,N,F,37,A,-,W,L,G,Y,-,3,-,-,"- ",,,N,-,0,3,B,2012,CHEVROLE,A,07,,W,,-,-,2020
92287061,1,1,N,F,49,A,-,S,L,G,Y,-,3,-,-,"- ",,,N,-,0,1,B,2018,TOYT,A,07,,W,,-,-,2024
92287061,2,1,N,M,29,A,-,N,L,G,Y,-,3,-,-,"- ",,,N,-,0,2,B,2008,GMC,D,23,,W,,-,-,2024
6291636,1,1,Y,M,22,C,-,N,L,B,Y,-,3,-,-,"- ",,,N,-,1,0,N,1999,SATURN,A,01,,W,,-,-,2014
6291636,2,1,N,M,24,A,-,S,P,C,Y,-,3,-,-,"- ",,,N,-,0,0,B,2000,ACADIAN,M,46,,W,,-,-,2014
91258956,1,1,Y,M,48,G,G,W,L,H,Y,-,3,-,-,"- ",,,F,-,0,1,A,2002,NISSAN,A,07,,W,D,-,-,2020
91258956,2,5,N,M,44,A,-,S,-,-,O,-,3,-,-,"- ",,,N,-,0,0,B,2011,"GE ",M,95,,W,,-,-,2020
91273660,1,1,Y,F,52,A,-,E,L,G,Y,-,3,-,-,"- ",,,N,-,0,2,M,2017,TOYO,A,08,,A,,-,-,2020
92393001,1,1,Y,M,33,A,-,W,L,G,Y,-,3,-,-,"- ",,,N,-,0,1,M,2007,FORD,D,22,,O,,-,-,2024
91441365,1,1,Y,M,62,A,-,S,-,W,Y,-,3,-,-,"- ",,,N,-,0,1,M,2006,SUZU,C,02,,W,,-,-,2021
94543691,1,1,Y,M,38,A,-,N,L,G,Y,-,3,-,-,"- ",,,F,-,1,2,C,2019,NISS,A,07,,W,F,-,-,2024
91269300,1,1,Y,M,18,A,-,N,L,G,Y,-,3,-,,24,22450,A,A,-,0,5,B,2016,FORD,A,01,,W,,-,-,2020
91032660,1,1,Y,M,79,G,G,W,L,G,Y,-,3,-,-,"- ",,,N,-,1,0,M,2000,MERCUR,A,01,,W,,-,-,2019
90069168,1,1,Y,M,68,D,-,W,L,G,Y,-,3,-,-,"- ",,,N,-,1,0,M,2015,FORD,D,22,,W,,-,-,2015
91418341,1,1,Y,M,38,A,-,N,M,G,Y,-,1,-,-,"- ",,,F,-,0,1,C,2018,JEEP,A,07,,H,A,-,-,2021
92162465,1,1,Y,F,32,B,-,N,L,H,Y,-,3,-,,31,22107,,A,-,0,0,C,2022,FORD,A,07,,W,,-,-,2023
92162465,2,2,N,M,25,H,H,N,-,-,O,-,4,-,-,"- ",,,N,-,0,1,-,,-,N,60,,W,,-,-,2023
92162465,3,2,N,F,23,H,H,N,-,-,O,-,4,-,-,"- ",,,N,-,0,1,-,,-,N,60,,W,,-,-,2023
92162465,4,2,N,F,29,H,H,N,-,-,O,-,4,-,-,"- ",,,N,-,0,1,-,,-,N,60,,O,,-,-,2023
90976707,1,1,Y,M,57,A,-,W,L,G,Y,-,3,-,-,"- ",,,N,-,0,1,N,2006,"DODGE ",D,22,,W,,-,-,2019
90976707,2,1,N,M,53,G,G,E,L,G,Y,-,3,-,-,"- ",,,N,-,1,0,H,2002,ACURA,A,01,,W,,-,-,2019
90006155,1,1,Y,F,26,-,E,N,P,H,Y,-,3,-,,31,22107,,A,N,0,1,C,1991,CHEV,D,22,,W,,-,-,2015
91022414,1,1,Y,M,42,G,G,N,P,G,N,-,3,-,-,"- ",,,N,-,1,0,M,1991,NISSAN,D,22,,W,,-,-,2019
91753760,1,1,Y,M,70,A,-,E,L,G,Y,-,3,-,-,"- ",,,N,-,0,2,B,1998,JEEP,A,07,,W,,-,-,2022
92045399,1,1,N,M,45,A,-,W,L,G,Y,-,3,-,-,"- ",,,N,-,0,0,E,2011,FORD,A,01,,W,,-,-,2022
92045399,2,1,Y,M,50,A,-,E,P,W,Y,-,4,-,-,"- ",,,N,-,1,0,B,2002,HD,C,02,,W,,-,-,2022
90370810,1,1,Y,F,43,B,E,W,P,H,Y,-,3,-,,31,22107,,A,-,1,0,M,1994,MERB,A,01,,W,,-,-,2016
6852566,1,1,Y,M,59,A,-,S,M,G,Y,-,3,-,-,"- ",,,N,-,0,2,B,2007,JEEP,A,07,,W,,-,-,2015
91060632,1,1,Y,F,70,A,-,N,L,G,Y,-,3,-,-,"- ",,,N,-,1,0,Q,2013,NISSA,A,07,,W,,-,-,2019
91060632,2,1,N,M,63,A,-,S,P,G,Y,-,3,-,-,"- ",,,N,-,0,1,B,2001,FREI,G,25,32,W,,-,-,2019
90982989,1,1,Y,F,70,A,I,E,L,G,Y,-,3,-,-,"- ",,,N,-,0,1,M,2013,CHEV,A,01,,W,,-,-,2019
90503110,1,1,N,M,54,A,-,S,-,W,Y,-,3,-,-,"- ",,,N,-,0,1,B,2015,HOND,C,02,,W,,-,-,2017
90275557,1,1,Y,M,87,A,-,N,M,G,Y,-,3,-,,25,22350,,A,-,0,1,M,2002,CHEV,A,07,,W,,-,-,2016
91669029,1,1,Y,M,25,B,-,S,M,G,Y,-,4,-,,31,22107,,A,-,0,1,B,2000,MAZD,A,01,,W,,-,-,2021
6508460,1,1,Y,-,998,G,G,E,-,-,,-,-,-,-,"- ",,,-,-,0,0,B,,-,-,,,,,-,-,2014
6508460,2,4,N,M,65,A,-,E,-,-,O,-,3,-,-,"- ",,,N,-,1,0,B,,-,L,04,,W,,-,-,2014
6975561,1,1,Y,M,21,C,-,E,M,H,Y,-,3,-,-,"- ",,,N,-,0,2,B,1995,ISUZU,A,07,,W,,-,-,2015
91498225,1,1,N,M,55,A,-,S,P,W,Y,-,3,-,-,"- ",,,N,-,0,1,B,2019,HD,C,02,,W,,-,-,2021
94747719,1,1,Y,M,17,B,-,E,P,V,Y,-,3,-,,31,22107,,A,-,0,2,C,2004,HOND,C,06,,W,,-,-,2025
90229242,1,1,Y,F,34,B,E,W,L,G,Y,-,3,-,,31,22107,,A,-,0,4,M,1997,DODG,D,22,,W,,-,-,2016
92009142,1,1,Y,M,28,G,G,N,L,G,Y,-,4,-,-,"- ",,,N,-,1,0,C,2011,GMC,A,07,,B,,-,-,2022
91887663,1,1,Y,M,48,B,-,N,B,G,N,-,3,-,,25,22350,,A,-,0,1,B,2001,HOND,A,01,,W,,-,-,2022
91887663,2,1,N,M,92,A,-,N,M,G,N,-,3,-,-,"- ",,,N,-,0,2,H,2021,JEEP,A,07,,W,,-,-,2022
90140169,1,1,Y,F,40,B,-,W,M,G,N,-,3,-,,31,22107,,A,-,0,1,M,1995,NISS,A,07,,W,,-,-,2016
91953595,1,1,Y,F,32,B,-,N,L,H,Y,-,4,-,,31,22107,,A,-,0,1,M,2008,ACUR,A,01,,W,,-,-,2022
91378202,1,1,Y,M,38,A,-,N,M,G,Y,-,3,-,-,"- ",,,N,-,0,4,B,2006,NISS,D,22,,H,,-,-,2020
92151793,1,1,Y,F,79,A,I,N,L,G,Y,-,3,-,-,"- ",,,N,-,0,0,M,2017,CHEV,A,01,,W,,-,-,2023
92151793,2,1,N,M,60,A,-,S,L,G,N,-,3,-,-,"- ",,,N,-,0,2,B,2012,NISS,A,01,,H,,-,-,2023
90246118,1,1,Y,F,61,A,-,W,-,W,Y,-,3,-,-,"- ",,,N,-,0,1,E,2010,BMW,C,02,,W,,-,-,2016
6718486,1,1,Y,M,35,B,-,E,M,G,Y,-,3,-,,31,22107,,A,N,1,0,M,2000,DODGE,D,22,,H,,-,-,2014
90240176,1,1,Y,M,55,B,-,E,M,G,N,-,3,-,,31,22107,,A,N,0,1,M,2003,FORD,D,22,,W,,-,-,2016
91348827,1,1,N,M,40,-,F,E,M,H,Y,-,3,-,-,"- ",,,N,-,1,0,B,2015,FORD,A,08,,W,,-,-,2020
91254664,1,1,Y,M,56,B,-,N,M,H,Y,-,3,-,,31,22107,,A,-,1,0,M,2014,CHEV,A,01,,W,,-,-,2020
90549109,1,1,Y,F,37,A,-,S,M,G,Y,-,3,-,-,"- ",,,N,-,0,5,N,1999,CHEV,A,07,,W,,-,-,2017
92264628,1,1,Y,F,29,A,-,N,M,H,N,-,3,-,,31,22107,,A,-,0,2,C,1997,TOYT,A,07,,H,,-,-,2023
91755911,1,1,Y,F,64,A,-,N,L,G,Y,-,3,-,-,"- ",,,N,-,0,1,M,2011,FORD,E,22,22,W,,-,-,2022
94127172,1,1,N,M,73,G,G,S,P,W,Y,-,4,-,-,"- ",,,N,-,1,0,C,2022,BMW,C,02,,W,,-,-,2024
91056210,1,1,Y,M,26,B,-,N,L,G,N,-,3,-,,25,22350,,A,-,0,1,B,1999,VOLK,A,01,,H,,-,-,2019
91710080,1,1,Y,F,33,A,-,N,M,G,Y,-,3,-,-,"- ",,,N,-,0,2,B,2021,TESL,A,01,,A,,-,-,2022
91710080,2,1,N,M,32,A,-,N,M,G,Y,-,3,-,-,"- ",,,N,-,0,0,B,2019,FRHT,G,25,31,B,,-,-,2022
91588414,1,1,Y,M,23,B,-,N,L,H,N,-,4,-,,31,22107,,A,-,1,3,C,2008,STRN,A,07,,H,,-,-,2021
90901215,1,1,Y,M,67,A,-,S,L,G,Y,-,3,-,-,"- ",,,N,-,0,2,C,2007,HONDA,E,22,36,W,,-,-,2018
90724408,1,1,N,M,44,A,-,E,M,G,Y,-,3,-,-,"- ",,,N,-,0,2,B,1992,HOND,A,01,,W,,-,-,2018
6636169,1,1,Y,M,29,A,-,N,M,G,Y,-,3,-,-,"- ",,,N,-,0,1,C,2001,TOYOTA,D,22,,W,,-,-,2014
6292442,1,1,Y,M,21,B,-,E,L,H,Y,-,3,-,,31,22107,,A,-,1,1,M,1997,DODGE,D,22,,W,,-,-,2015
6292442,2,1,N,F,64,A,-,W,M,G,Y,-,3,-,-,"- ",,,N,-,0,0,B,2000,HONDA,A,01,,W,,-,-,2015
90861955,1,1,Y,F,32,B,-,E,M,G,Y,-,3,-,,31,22107,,A,-,0,5,M,2004,GMC,A,07,,W,,-,-,2018
90255514,1,1,Y,M,74,A,-,W,M,G,Y,-,3,-,-,"- ",,,N,-,0,0,B,2015,JEEP,A,07,,W,,-,-,2016
90255514,2,1,N,M,22,A,-,W,-,W,Y,-,3,-,-,"- ",,,N,-,0,1,E,2008,SUZU,C,02,,W,,-,-,2016
92340206,1,1,Y,F,57,A,I,S,L,G,Y,-,3,-,-,"- ",,,N,-,0,1,B,2002,FORD,A,07,,W,,-,-,2024
91858112,1,1,Y,F,34,B,-,S,B,B,Y,-,3,-,,31,22107,,A,-,0,1,C,2015,HYUN,A,01,,W,,-,-,2022
91911753,1,1,Y,M,40,B,-,S,L,H,N,-,3,-,,31,22107,,A,-,0,3,C,1997,JEEP,A,07,,W,,-,-,2022
92229395,1,1,Y,M,60,B,-,S,P,W,N,-,3,-,,25,22350,,A,-,0,1,B,2015,"SPECIAL CONSTRUCTION",C,02,,W,,-,-,2023
6292412,1,1,Y,M,30,B,E,E,P,H,Y,-,3,-,,31,22107,,A,-,1,0,M,1989,CHEVROLET,A,07,,W,,-,-,2015
90972239,1,1,Y,M,35,B,-,W,P,H,N,-,3,-,,25,22350,,A,-,0,1,B,2016,POLARIS,C,06,,W,,-,-,2019
91240336,1,1,Y,M,63,G,G,N,L,G,Y,-,3,-,-,"- ",,,N,-,3,0,C,2006,DODGE,D,22,,W,,-,-,2020
94583159,1,1,Y,M,62,G,G,S,M,B,Y,-,4,-,-,"- ",,,N,-,1,0,C,1990,VOLK,A,08,,W,,-,-,2025
6589047,1,1,N,F,40,A,-,E,M,G,Y,-,3,-,-,"- ",,,N,-,0,1,E,1994,CHEVROLET,A,07,,W,,-,-,2014
90744626,1,1,Y,M,48,G,G,N,L,G,Y,-,3,-,-,"- ",,,N,-,1,0,M,1999,CHEV,A,01,,W,,-,-,2018
91774011,1,1,Y,F,48,B,E,E,B,H,Y,-,4,-,,31,22107,,A,-,1,0,C,2001,CHEV,A,07,,W,,-,-,2022
92267356,1,1,Y,M,44,A,-,W,M,H,Y,-,3,-,-,"- ",,,N,-,0,1,M,2020,CHEV,F,55,,W,,-,-,2023
92267356,2,1,N,F,70,G,G,E,L,G,Y,-,3,-,-,"- ",,,N,-,1,0,B,2007,GMC,D,22,,W,,-,-,2023
91058025,1,1,Y,M,38,A,-,S,P,W,N,-,3,-,-,"- ",,,N,-,0,1,M,2001,YAMA,C,06,,W,,-,-,2019
92402586,1,5,N,F,18,A,-,S,-,-,O,-,3,-,-,"- ",,,N,-,0,1,B,,COLEMAN,C,02,,W,,-,-,2024
92402586,2,5,N,M,16,A,-,N,-,-,O,-,3,-,-,"- ",,,N,-,0,0,B,2024,CFMO,C,06,,W,,-,-,2024
90981993,1,1,Y,M,56,A,-,W,-,W,Y,-,3,-,-,"- ",,,N,-,0,1,B,2019,INDI,C,02,,H,,-,-,2019
90981993,2,1,N,M,61,A,-,W,M,G,Y,-,3,-,-,"- ",,,N,-,0,0,H,2012,FREI,F,56,,W,,-,-,2019
94761106,1,1,Y,M,35,G,G,W,L,H,Y,-,3,-,-,"- ",,,N,-,1,1,C,2003,FORD,D,22,,W,,-,-,2025
90678299,1,1,Y,M,32,A,-,N,P,H,Y,-,3,-,-,"- ",,,N,-,0,1,B,1999,FORD,D,22,,W,,-,-,2018
90678299,2,1,N,M,62,A,-,E,L,H,Y,-,3,-,-,"- ",,,N,-,0,1,B,2005,FORD,A,01,,W,,-,-,2018
90233418,1,1,Y,-,998,G,G,N,P,B,N,-,3,-,-,"- ",,,N,-,0,1,C,1985,CHEV,D,22,,,,-,-,2016
91208091,1,1,Y,F,24,A,-,N,M,G,Y,-,3,-,-,"- ",,,N,-,0,2,M,2000,FORD,A,01,,W,,-,-,2020
6635877,1,1,Y,M,48,B,-,E,L,G,N,-,3,-,,31,22107,,A,-,0,1,B,1996,DODGE,D,22,,W,,-,-,2014
92377462,1,1,Y,M,16,A,-,S,M,H,Y,-,4,-,-,"- ",,,N,-,1,1,M,1999,FORD,D,22,,W,,-,-,2024
6529245,1,1,Y,M,20,A,-,N,L,H,Y,-,3,-,-,"- ",,,N,-,0,1,C,2006,PONTIAC,A,07,,O,,-,-,2014
90731554,1,1,Y,F,47,G,G,E,N,G,N,-,3,-,-,"- ",,,N,-,1,1,N,2002,CHEV,A,01,,W,,-,-,2018
90731554,2,1,N,M,56,A,-,W,P,G,Y,-,3,-,-,"- ",,,N,-,0,1,H,2016,KW,G,25,31,B,,-,-,2018
91151500,1,1,N,F,23,A,-,S,M,G,Y,-,3,-,-,"- ",,,N,-,1,3,B,2004,FORD,D,23,,H,,-,-,2019
90024566,1,1,Y,F,58,A,-,S,-,W,Y,-,3,-,-,"- ",,,N,-,0,1,M,2012,HARL,C,02,,W,,-,-,2015
92142030,1,1,N,M,58,A,-,N,P,W,Y,-,3,-,-,"- ",,,N,-,0,1,B,2019,HD,C,02,,W,,-,-,2023
6682835,1,1,Y,-,998,G,G,N,L,B,Y,-,-,-,,31,22107,,A,N,0,1,N,2000,FORD,D,22,,,,-,-,2014
90639944,1,1,Y,M,24,B,-,S,M,B,Y,-,3,-,,31,22107,,A,-,0,1,C,2000,FORD,A,07,,W,,-,-,2018
91398504,1,1,Y,M,37,-,I,E,M,H,Y,-,3,-,-,"- ",,,N,-,0,1,C,2010,CHEV,A,01,,W,,-,-,2021
91273025,1,1,Y,F,25,A,-,W,M,G,Y,-,3,-,-,"- ",,,N,-,0,4,M,2005,FORD,D,22,,W,,-,-,2020
90724195,1,1,Y,F,22,B,-,S,L,G,Y,-,3,-,,31,22107,,A,-,0,2,B,2006,LEXU,A,01,,W,,-,-,2018
91896554,1,1,Y,M,65,A,-,S,L,G,Y,-,3,-,-,"- ",,,I,-,0,1,B,2019,CHEV,D,22,,W,,-,-,2022
91896554,2,5,N,-,998,H,H,-,-,-,O,-,-,-,-,"- ",,,I,-,0,0,A,1997,ALLOY,-,32,,,,-,-,2022
91565732,1,1,Y,M,17,A,-,E,M,G,Y,-,3,-,-,"- ",,,N,-,0,1,M,2007,DODG,D,22,,W,,-,-,2021
91301705,1,1,Y,F,71,A,-,S,M,G,Y,-,3,-,-,"- ",,,N,-,0,1,M,1999,CHEV,A,07,,W,,-,-,2020
90510021,1,1,Y,M,52,A,-,S,-,W,Y,-,3,-,-,"- ",,,N,-,0,1,B,2017,SUZU,C,02,,W,,-,-,2017
91644516,1,1,Y,F,36,C,-,W,M,G,Y,-,3,-,-,"- ",,,N,-,0,1,B,1999,CHEV,A,07,,W,,-,-,2021
