id,dt,lat,lon,city,county,street_1,street_2,crash_type,death_count,severity
2010010210-002760,2010-01-07 22:58:00,39.35313,74.45628,ATLANTIC CITY,ATLANTIC,US 40,,13,0,I
2010010210-069308,2010-06-24 11:25:00,39.36079,74.46294,ATLANTIC CITY,ATLANTIC,US 40,,01,0,I
2010010210-074329,2010-07-04 21:25:00,39.36871,74.42291,ATLANTIC CITY,ATLANTIC,DELAWARE AVE,LEXINGTON AVENUE,14,0,I
2010010210-078756,2010-07-14 19:35:00,39.35577,74.44862,ATLANTIC CITY,ATLANTIC,WINCHESTER AVE,MORRIS AVENUE,02,0,I
20100105A090-2010-00149A,2010-06-08 17:48:00,39.59317,74.88172,BUENA VISTA TWP,ATLANTIC,CAINS MILL RD,LAKE GEORGE DRIVE,11,0,I
20100105A090201000019A,2010-01-26 17:55:00,39.49479,74.87329,BUENA VISTA TWP,ATLANTIC,ATLANTIC COUNTY 622,RT 40,13,0,I
2010010810-015536,2010-03-19 19:34:00,39.38296,74.60769,EGG HARBOR TWP,ATLANTIC,ATLANTIC COUNTY 662,RIDGE AVENUE,13,0,I
2010010810-03238,2010-01-16 12:38:00,39.42172,74.58835,EGG HARBOR TWP,ATLANTIC,US 40,RIDGE AVE,03,0,I
2010010810-14310,2010-03-13 18:59:00,39.41220,74.59335,EGG HARBOR TWP,ATLANTIC,WEST JERSEY AVE,RIDGE AVENUE,03,0,I
2010010810-43473,2010-08-08 23:35:00,39.41591,74.57839,EGG HARBOR TWP,ATLANTIC,US 40,FARR AV / RIDDLE AVE,14,0,I
20100108E030/2010-00259A,2010-02-23 15:44:00,39.38781,74.57008,EGG HARBOR TWP,ATLANTIC,GARDEN STATE PARKWAY,,11,0,I
201001112010-00002251,2010-01-23 01:32:00,39.45638,74.54118,GALLOWAY TWP,ATLANTIC,US 30,FIR AVE / GENISTA AVE,11,0,I
201001112010-00015684,2010-07-21 11:30:00,39.45180,74.53664,GALLOWAY TWP,ATLANTIC,US 30,ASH AVE,03,0,I
201001112010-00016840,2010-08-06 11:10:00,39.50818,74.51237,GALLOWAY TWP,ATLANTIC,ROUTE 561 ALTERNATE,ROUTE 575 / PORT REPUBLIC,99,0,I
201001112010-00020154,2010-09-12 21:28:00,39.47750,74.49152,GALLOWAY TWP,ATLANTIC,ATLANTIC COUNTY 634,SPENCER LANE,11,0,I
2010011210-21467,2010-05-13 22:52:00,39.49784,74.77899,HAMILTON TWP,ATLANTIC,ROUTE 559,MIZPAH RD,99,0,I
20100113I-2010-06394,2010-04-08 10:39:00,39.64662,74.78724,HAMMONTON TOWN,ATLANTIC,US 30,CR 613 / MIDDLE RD,03,0,I
20100113I-2010-13050,2010-07-24 21:49:00,39.62044,74.80855,HAMMONTON TOWN,ATLANTIC,ROUTE 559,11TH ST,11,0,I
20100113I-2010-15851,2010-09-07 10:46:00,39.63834,74.77739,HAMMONTON TOWN,ATLANTIC,US 30,ROUTE 542 / CENTRAL AVE / SEA GROVE,01,0,I
20100114I-2010-00292,2010-01-08 03:49:00,39.33573,74.58756,LINWOOD CITY,ATLANTIC,US 9,GARFIELD AVE,11,0,I
20100114I-2010-00464,2010-01-13 06:08:00,39.35764,74.56075,LINWOOD CITY,ATLANTIC,ROUTE 585,MARVIN AVE,11,0,I
2010011610-01029,2010-01-27 12:08:00,39.32893,74.50130,MARGATE CITY,ATLANTIC,ATLANTIC COUNTY 629,GRANVILLE AVENUE,01,0,I
2010011610-10179,2010-08-07 21:34:00,39.31965,74.51417,MARGATE CITY,ATLANTIC,ATLANTIC AVE,JEFFERSON AVENUE,13,0,I
20100117I-2010-003606,2010-03-24 15:47:00,39.63426,74.67699,MULLICA TWP,ATLANTIC,ROUTE 542,JACKSON RD,04,0,I
201001182010/9264,2010-05-11 08:13:00,39.36738,74.56189,NORTHFIELD CITY,ATLANTIC,US 9,CEDAR BRIDGE RD,13,0,I
2010020110-10779,2010-10-21 16:51:00,41.03153,74.13638,ALLENDALE BORO,BERGEN,BERGEN COUNTY 81,WEST MAPLE AVENUE,13,0,I
20100202PI-10-1896,2010-07-17 05:20:00,40.95045,73.92160,ALPINE BORO,BERGEN,PALISADES INTERSTATE PARKWAY,EXIT #2,10,0,I
201002112010-020314,2010-07-02 23:38:00,40.89339,74.11212,ELMWOOD PARK BORO,BERGEN,US 46,BOULEVARD,01,0,I
20100212ER-10-00285,2010-01-10 00:41:00,40.79854,74.06852,EAST RUTHERFORD BORO,BERGEN,NJ 3,,11,0,I
20100212ER-10-05106,2010-06-10 18:20:00,40.81004,74.08312,EAST RUTHERFORD BORO,BERGEN,NJ 3,,01,0,I
201002142010:31847,2010-09-09 09:30:00,40.98209,74.00710,EMERSON BORO,BERGEN,ROUTE 502,MAIN ST,01,0,I
20100215BC-10-035875,2010-07-31 16:28:00,40.88004,73.98302,ENGLEWOOD CITY,BERGEN,NJ 4,NJ 93 / ROUTE 501 / GRAND AVE,02,0,I
2010021810-1247-A-AC,2010-02-04 15:53:00,40.81335,74.00328,FAIRVIEW BORO,BERGEN,NJ 63,HARDING PL,13,0,I
20100219I-2010-03319,2010-07-31 21:06:00,40.86115,73.96829,FORT LEE BORO,BERGEN,US 9W,CR 29 / LINWOOD AVE / NEW YORK AVE,13,0,I
201002206,2010-07-23 23:48:00,40.99271,74.21900,FRANKLIN LAKES BORO,BERGEN,ROUTE 502,FEATHER LA,04,0,I
20100221I-2010-004117,2010-02-17 17:20:00,40.86944,74.10957,GARFIELD CITY,BERGEN,MONROE STREET,MONROE STREET,03,0,I
2010022310-00759,2010-01-11 02:16:00,40.90042,74.04016,HACKENSACK CITY,BERGEN,TEMPLE AVE,MEMORIAL WAY,11,0,I
2010022310-01274,2010-01-17 22:10:00,40.89652,74.05146,HACKENSACK CITY,BERGEN,BERGEN COUNTY 62 I,PROSPECT STREET,13,0,I
20100223P,2010-08-11 09:50:00,40.89251,74.04476,HACKENSACK CITY,BERGEN,BERGEN COUNTY 62 I,RAILROAD AVE S,13,0,I
201002271001619,2010-02-16 20:30:00,41.00760,74.04153,HILLSDALE BORO,BERGEN,BERGEN COUNTY 104,KNICKERBOCKER AVE,13,0,I
2010022810-000059,2010-01-03 10:10:00,41.00254,74.10152,HO HO KUS BORO,BERGEN,NJ 17,ROUTE 502 / HOLLYWOOD AVE,10,0,I
201002302010-02354,2010-01-30 06:19:00,40.85228,74.03218,LITTLE FERRY BORO,BERGEN,US 46,NJ 124 / BERGEN TURNPIKE,04,0,I
20100231BC-10-033898,2010-07-20 15:00:00,40.88531,74.06682,LODI BORO,BERGEN,NJ 17,GREGG ST,01,0,I
2010023610-230,2010-08-01 10:40:00,41.04155,74.01328,MONTVALE BORO,BERGEN,BERGEN COUNTY 53,CR 94,01,0,I
20100237M-10-81,2010-07-10 11:34:00,40.83911,74.04942,MOONACHIE BORO,BERGEN,ROUTE 503,RODNEY PL,04,0,I
20100241124-10,2010-07-27 08:22:00,40.98818,73.93583,NORWOOD BORO,BERGEN,ROUTE 501,CR 106 / BROADWAY,03,0,I
2010024310-MV-37,2010-06-18 15:50:00,41.02011,73.96797,OLD TAPPAN BORO,BERGEN,BERGEN COUNTY 110 II,ORANGEBURG ROAD,03,0,I
2010024410-3276,2010-05-18 14:30:00,40.94592,74.02508,ORADELL BORO,BERGEN,BERGEN COUNTY 74 II,NEW MILFORD AVENUE,04,0,I
20100245I-2010-004924,2010-05-01 09:53:00,40.84161,73.99621,PALISADES PARK BORO,BERGEN,US 46,,01,0,I
20100245I-2010-006706,2010-06-10 19:47:00,40.85260,74.00002,PALISADES PARK BORO,BERGEN,NJ 93,LIBERTY PL,04,0,I
201002492010-002686,2010-03-01 11:58:00,40.83054,73.99189,RIDGEFIELD BORO,BERGEN,LAWTON AVE,KINGSLAND LANE,11,0,I
201002492010-015615,2010-12-26 12:43:00,40.82968,74.01033,RIDGEFIELD BORO,BERGEN,US 1,MAYER CT,01,0,I
2010025010-17523,2010-12-23 17:12:00,40.84576,74.01566,RIDGEFIELD PARK VILLAGE,BERGEN,US 46,NJ TP,13,0,I
20100251I-2010-011717,2010-07-22 16:12:00,40.98386,74.11247,RIDGEWOOD VILLAGE,BERGEN,BERGEN COUNTY 110 I,NORTH MAPLE AVENUE,14,0,I
201002562010-009599,2010-09-04 09:03:00,40.82110,74.10043,RUTHERFORD BORO,BERGEN,NJ 17,CR 32 / HIGHLAND CROSS / MEADOW RD,03,0,I
2010025710-00107,2010-01-05 19:08:00,40.88719,74.10271,SADDLE BROOK TWP,BERGEN,BERGEN COUNTY 67,PLAUDERVILLE AVENUE (GARFIELD),13,0,I
2010026010-011692,2010-02-14 00:25:00,40.89142,74.02951,TEANECK TWP,BERGEN,BERGEN COUNTY 60,CATAIPA AVE,11,0,I
20100260PD-10-008744,2010-02-02 16:46:00,40.88670,74.01487,TEANECK TWP,BERGEN,BERGEN COUNTY 60,QUEEN ANNE ROAD,13,0,I
20100261TY-10-09701,2010-08-25 14:39:00,40.92057,73.95951,TENAFLY BORO,BERGEN,BERGEN COUNTY 72,ENGLE STREET,03,0,I
20100262T-10-35,2010-07-13 13:02:00,40.86158,74.05838,TETERBORO BORO,BERGEN,US 46,HOLLISTER RD / INDUSTRIAL AVE,01,0,I
20100301C120-2010-00132A,2010-07-04 21:56:00,39.58240,74.46118,BASS RIVER TWP,BURLINGTON,US 9,,04,0,I
20100301C120201000052A,2010-03-16 09:35:00,39.59364,74.43668,BASS RIVER TWP,BURLINGTON,US 9,CR 654 / E GREEN BUSH RD,13,0,I
201003052010-01926,2010-02-01 08:46:00,40.06667,74.87212,BURLINGTON CITY,BURLINGTON,US 130,ROUTE 543 / BEVERLY RD,11,0,I
20100305201019613,2010-12-04 11:57:00,40.07322,74.86431,BURLINGTON CITY,BURLINGTON,WASHINGTON AVENUE,LINCOLN AVE,02,0,I
201003062010-015036,2010-08-14 12:24:00,40.05871,74.84855,BURLINGTON TWP,BURLINGTON,ROUTE 541,DRESSER AVE / ELLIS AVE,10,0,I
201003062010-11044,2010-06-16 23:11:00,40.07955,74.83340,BURLINGTON TWP,BURLINGTON,ROUTE 543,LA GORCE BLVD,11,0,I
20100306C020-2010-00363A,2010-05-27 13:57:00,40.03331,74.84006,BURLINGTON TWP,BURLINGTON,I-295,,10,0,I
2010030710-004,2010-01-12 08:33:00,40.08146,74.62670,CHESTERFIELD TWP,BURLINGTON,WRIGHTSTOWN-SYKESVILLE RD **,HERMAN BLACK RD,11,0,I
201003102010-873,2010-01-30 04:24:00,40.00980,74.96663,DELRAN TWP,BURLINGTON,US 130,TENBY CHASE DR,11,0,I
20100310201005158,2010-06-17 18:39:00,40.01217,74.96169,DELRAN TWP,BURLINGTON,US 130,HAINES MILL RD,11,0,I
20100316C020-2010-00052A,2010-01-29 14:51:00,39.99548,74.80605,HAINESPORT TWP,BURLINGTON,ROUTE 541,CR 626 / RANCOCAS RD,11,0,I
20100316C020-2010-00130A,2010-03-05 00:04:00,39.97408,74.84307,HAINESPORT TWP,BURLINGTON,NJ 38,CR 640 / BULLS HEAD RD / CREEK RD,11,0,I
2010031910-2055,2010-02-16 17:01:00,39.94772,74.98501,MAPLE SHADE TWP,BURLINGTON,NJ 73,CR 610 / FELLOWSHIP RD,99,0,I
201003202010-550,2010-01-17 07:33:00,39.93211,74.79264,MEDFORD TWP,BURLINGTON,EAYRESTOWN RD **,CR 616 / CHURCH RD,11,0,I
201003202010-7729,2010-07-06 07:50:00,39.87932,74.80612,MEDFORD TWP,BURLINGTON,SKEET RD **,ROUTE 541 / STOKES RD,11,0,I
201003242010-15958,2010-07-29 18:50:00,39.96938,74.88807,MOUNT LAUREL TWP,BURLINGTON,NJ 38,CR 686 / HARTFORD RD,02,0,I
201003242010-18059,2010-08-23 05:21:00,39.97075,74.87238,MOUNT LAUREL TWP,BURLINGTON,NJ 38,CR 635 / ARK RD,01,0,I
201003242010-2575,2010-02-06 23:17:00,39.96601,74.91918,MOUNT LAUREL TWP,BURLINGTON,NJ 38,CR 615 / MARTER RD,13,0,I
20100324C020-2010-00630A,2010-08-28 04:06:00,39.95484,74.92393,MOUNT LAUREL TWP,BURLINGTON,I-295,,01,0,I
201003292010-0214,2010-01-04 22:11:00,39.97147,74.58661,PEMBERTON TWP,BURLINGTON,ROUTE 530,ASHTON ST,11,0,I
201003292010-10015,2010-06-12 13:11:00,39.98941,74.57937,PEMBERTON TWP,BURLINGTON,PEMBERTON BLVD **,BLUEBIRD ST,13,0,I
20100332C080201000591A,2010-12-04 14:52:00,39.79740,74.73788,SHAMONG TWP,BURLINGTON,US 206,CR 648 / WILLOW GROVE RD,03,0,I
20100333C080-2010-00231A,2010-05-31 15:43:00,39.92540,74.68531,SOUTHAMPTON TWP,BURLINGTON,BURRS MILL RD **,RETREAT RD,11,0,I
20100334C020-2010-00024A,2010-01-12 15:24:00,40.05427,74.62769,SPRINGFIELD TWP,BURLINGTON,ROUTE 545,,04,0,I
20100334C020-2010-00524A,2010-07-20 10:48:00,40.01211,74.70944,SPRINGFIELD TWP,BURLINGTON,BURLINGTON COUNTY 669,CR 668 / ARNEY'S MOUNT RD,10,0,I
20100334C020201000748A,2010-10-17 18:57:00,40.05740,74.72379,SPRINGFIELD TWP,BURLINGTON,US 206,,01,0,I
20100334M10-009,2010-01-10 13:30:00,40.05352,74.72460,SPRINGFIELD TWP,BURLINGTON,US 206,COLUMBUS-JOBSTOWN RD,05,0,I
20100334M10-166,2010-07-08 09:08:00,40.05039,74.76386,SPRINGFIELD TWP,BURLINGTON,BURLINGTON COUNTY 628,JACKSONVILLE-JOBSTOWN RD. CR 670,05,0,I
20100334M10-178,2010-07-16 14:35:00,40.05402,74.65883,SPRINGFIELD TWP,BURLINGTON,ROUTE 537,NJ 68,11,0,I
20100335C080201000010A,2010-01-07 02:00:00,39.83562,74.64508,TABERNACLE TWP,BURLINGTON,ROUTE 532,,11,0,I
201003372010-7474,2010-07-11 07:56:00,40.01916,74.85419,WESTAMPTON TWP,BURLINGTON,FIELDCREST DR **,SHARPLESS BLVD,13,0,I
20100403A310201000893A,2010-04-17 03:05:00,39.87168,75.06565,BARRINGTON BORO,CAMDEN,I-295,,10,0,I
2010040810-01-02-062,2010-01-02 00:34:00,39.94599,75.06835,CAMDEN CITY,CAMDEN,US 130,FEDERAL ST,11,0,I
2010040810-01-31-300,2010-01-31 06:00:00,39.95818,75.09765,CAMDEN CITY,CAMDEN,HARRISON AVE,CAMBRIDGE ST.,11,0,I
2010040810-090-A,2010-03-02 18:16:00,39.91028,75.09356,CAMDEN CITY,CAMDEN,US 130,,11,0,I
201004081007010124,2010-08-01 03:42:00,39.91393,75.10262,CAMDEN CITY,CAMDEN,MORGAN BLVD,DENFIELD,11,0,I
20100408100707-014,2010-07-07 00:05:00,39.93317,75.10758,CAMDEN CITY,CAMDEN,CHESTNUT ST,ORCHARD ST,11,0,I
2010040910-7400,2010-01-28 08:05:00,39.91768,75.02178,CHERRY HILL TWP,CAMDEN,CAMDEN COUNTY 627,PENNSYLVANIA AVE,11,0,I
20100409A310-2010-01734A,2010-07-27 08:59:00,39.88550,75.00517,CHERRY HILL TWP,CAMDEN,I-295,,10,0,I
201004112010002668,2010-10-08 23:55:00,39.80745,74.97299,CLEMENTON BORO,CAMDEN,US 30,ATLANTIC AVE,04,0,I
20100413A-10-094,2010-07-24 07:14:00,39.83885,74.95888,GIBBSBORO BORO,CAMDEN,ROUTE 561,S UNITED STATES AVE,11,0,I
20100415100016887,2010-05-05 14:34:00,39.79376,75.06183,GLOUCESTER TWP,CAMDEN,NJ 168,GRAND AVE,11,0,I
20100415100025292,2010-07-02 21:17:00,39.84285,75.07044,GLOUCESTER TWP,CAMDEN,NJ 168,12TH AVE,14,0,I
20100415100040699,2010-10-22 18:24:00,39.82847,75.06751,GLOUCESTER TWP,CAMDEN,NJ 168,HILLTOP AVE,04,0,I
20100415A310-2010-01279A,2010-05-31 20:41:00,39.82539,75.08271,GLOUCESTER TWP,CAMDEN,NJ 42,,11,0,I
20100415A310-2010-01741A,2010-07-29 21:18:00,39.79718,75.05175,GLOUCESTER TWP,CAMDEN,NJ 42,,11,0,I
2010041610-268-A,2010-07-23 18:37:00,39.90768,75.04729,HADDON TWP,CAMDEN,CAMDEN COUNTY 643,N ATLANTIC AVE,03,0,I
201004182010002584,2010-03-29 08:55:00,39.87991,75.05349,HADDON HEIGHTS BORO,CAMDEN,US 30,HIGH ST,04,0,I
20100421A310201002958A,2010-12-18 02:25:00,39.87194,75.03662,LAWNSIDE BORO,CAMDEN,I-295,,99,0,I
2010042310-0715-01,2010-07-15 03:23:00,39.85592,75.02769,MAGNOLIA BORO,CAMDEN,US 30,ROUTE 544 / EVESHAM AVE,04,0,I
2010043121-10A,2010-01-19 17:49:00,39.84984,75.02297,SOMERDALE BORO,CAMDEN,US 30,PARK AVE,13,0,I
2010043169-10A,2010-03-16 15:18:00,39.84731,75.02108,SOMERDALE BORO,CAMDEN,US 30,N CRESTWOOD AVE / S CRESTWOOD AVE,13,0,I
201004322010-41,2010-02-17 08:37:00,39.83927,75.01195,STRATFORD BORO,CAMDEN,US 30,AMHURST AVE,01,0,I
2010043510-07426,2010-07-23 18:17:00,39.77743,74.90921,WATERFORD TWP,CAMDEN,US 30,,11,0,I
201004362010-000547,2010-01-05 06:28:00,39.66797,74.88232,WINSLOW TWP,CAMDEN,NJ 73,,13,0,I
201004362010-026350,2010-07-17 11:57:00,39.77379,74.91541,WINSLOW TWP,CAMDEN,ROUTE 536 SPUR,RAMP FROM NJ 73 SOUTH,11,0,I
201004362010-038812,2010-10-14 22:12:00,39.65741,74.84329,WINSLOW TWP,CAMDEN,ROUTE 561,HALL STREET,11,0,I
201004362010-045382,2010-11-26 16:59:00,39.75289,74.90892,WINSLOW TWP,CAMDEN,NJ 73,COOPER FOLLY ROAD (CR 712),07,0,I
201004362010-048887,2010-12-19 20:41:00,39.70955,74.97685,WINSLOW TWP,CAMDEN,ROUTE 536 SPUR,CR 704 / ERIAL WILLIAM WAY,01,0,I
20100436A160-2010-00795A,2010-11-22 17:32:00,39.72889,75.00404,WINSLOW TWP,CAMDEN,ATLANTIC CITY EXPRESSWAY,,11,0,I
201005052010-000126,2010-01-02 16:01:00,39.03134,74.93453,LOWER TWP,CAPE MAY,CAPE MAY COUNTY 603,BAY AVE,13,0,I
201005062010-000352,2010-01-04 20:03:00,39.02322,74.89657,MIDDLE TWP,CAPE MAY,CAPE MAY COUNTY 654,CR 603,04,0,I
20100506I-2010-02855,2010-01-26 15:49:00,39.04661,74.85032,MIDDLE TWP,CAPE MAY,US 9,JOFFRE AVE,03,0,I
20100506I-2010-18960,2010-06-21 22:25:00,39.01071,74.86952,MIDDLE TWP,CAPE MAY,NJ 47,,13,0,I
20100506I-2010-21195,2010-07-09 18:51:00,39.02286,74.89437,MIDDLE TWP,CAPE MAY,NJ 47,,04,0,I
20100506I-2010-22780,2010-07-23 12:39:00,39.12161,74.76287,MIDDLE TWP,CAPE MAY,CAPE MAY COUNTY 601,,11,0,I
20100506I-2010-38349,2010-12-22 17:25:00,39.15928,74.83610,MIDDLE TWP,CAPE MAY,NJ 47,CR 615 / GOSHEN CT / GOSHEN LANDING,04,0,I
2010050810-21054,2010-06-24 10:07:00,39.26105,74.59911,OCEAN CITY,CAPE MAY,CENTRAL AVE,25TH STREET,03,0,I
201005142010-27704,2010-08-16 21:53:00,38.98537,74.82772,WILDWOOD CITY,CAPE MAY,PARK BLVD,HAND AVE,14,0,I
2010060101292-10,2010-01-12 03:20:00,39.44061,75.23937,BRIDGETON CITY,CUMBERLAND,CUMBERLAND COUNTY 697,,11,0,I
20100601BR-04318-10,2010-02-09 17:57:00,39.42729,75.23674,BRIDGETON CITY,CUMBERLAND,NJ 49,WATER ST,13,0,I
20100601BR-18226-10BR-0182?,2010-07-08 22:20:00,39.41171,75.22638,BRIDGETON CITY,CUMBERLAND,CUMBERLAND COUNTY 609,BALTIMORE AVE,06,0,I
20100605A040-2010-00030-A,2010-01-13 13:36:00,39.39440,75.22233,FAIRFIELD TWP,CUMBERLAND,CUMBERLAND COUNTY 609,FINLAW ROAD,04,0,I
20100609A100-2010-00298A,2010-08-02 06:07:00,39.31030,74.98308,MAURICE RIVER TWP,CUMBERLAND,NJ 47,,04,0,I
20100609AN0201000242A,2010-07-01 18:07:00,39.31344,74.98092,MAURICE RIVER TWP,CUMBERLAND,ROUTE 548,CR 646 / CUMBERLAND RD,03,0,I
20100613A040201000432A,2010-07-10 13:54:00,39.48022,75.20778,UPPER DEERFIELD TWP,CUMBERLAND,NJ 77,,05,0,I
20100613A040201000507A,2010-08-12 10:18:00,39.49399,75.21286,UPPER DEERFIELD TWP,CUMBERLAND,NJ 77,,04,0,I
201006142010-00001308,2010-01-07 14:42:00,39.50627,75.04159,VINELAND CITY,CUMBERLAND,NJ 47,CR 681 / OAK RD,11,0,I
201006142010-00004768,2010-01-22 15:52:00,39.47867,75.01932,VINELAND CITY,CUMBERLAND,CHESTNUT AVE,EIGHTH STREET,11,0,I
201006142010-00052239,2010-08-18 13:37:00,39.46490,74.97761,VINELAND CITY,CUMBERLAND,CUMBERLAND COUNTY 672,CR 655,11,0,I
201007012010-11614,2010-07-15 19:55:00,40.78146,74.15434,BELLEVILLE TWP,ESSEX,NJ 7,CR 672 / MILL ST,02,0,I
201007012010-5626,2010-04-04 16:35:00,40.79139,74.16760,BELLEVILLE TWP,ESSEX,ROUTE 506,KING PL,14,0,I
2010070210-6310,2010-06-12 15:05:00,40.79538,74.19912,BLOOMFIELD TWP,ESSEX,ROUTE 506 SPUR,WARD ST,03,0,I
2010070210-665,2010-01-21 08:00:00,40.79779,74.18330,BLOOMFIELD TWP,ESSEX,ROUTE 506,DAVEY ST,13,0,I
2010070510-14874,2010-09-05 19:33:00,40.74641,74.22796,EAST ORANGE CITY,ESSEX,ROUTE 510,NORWOOD STREET,13,0,I
2010070910-31146,2010-04-04 00:25:00,40.71363,74.24010,IRVINGTON TWP,ESSEX,MILL ROAD,WEBSTER PL.,07,0,I
201007092010-25100,2010-03-18 08:14:00,40.72390,74.21854,IRVINGTON TWP,ESSEX,CLINTON AVENUE,MONTGOMERY AVENUE,13,0,I
201007092010-31110,2010-04-04 21:27:00,40.72526,74.23657,IRVINGTON TWP,ESSEX,ESSEX COUNTY 603,NESBIT TERR,13,0,I
201007092010-65961,2010-07-26 07:47:00,40.74151,74.21195,IRVINGTON TWP,ESSEX,ROUTE 509,14TH AVE,13,0,I
201007092010-68757,2010-08-04 15:08:00,40.73914,74.21333,IRVINGTON TWP,ESSEX,ROUTE 509,SMALLEY TER,13,0,I
2010071110-22542,2010-08-15 04:47:00,40.73366,74.26365,MAPLEWOOD TWP,ESSEX,PROSPECT ST,PARKER AVE,11,0,I
20100712100008679,2010-07-06 15:01:00,40.74836,74.33656,MILLBURN TWP,ESSEX,ESSEX COUNTY 606,JFK PARKWAY/CR 649,01,0,I
20100712100010257,2010-08-11 11:45:00,40.74030,74.36824,MILLBURN TWP,ESSEX,ESSEX COUNTY 649,RTE. 124 WEST,11,0,I
20100712100010524,2010-08-18 07:26:00,40.72041,74.31865,MILLBURN TWP,ESSEX,ROUTE 527,SHORT HILLS AVE,13,0,I
20100713R347,2010-04-14 18:14:00,40.83195,74.20969,MONTCLAIR TWP,ESSEX,ESSEX COUNTY 621,CR 655/WATCHUNG AVE,13,0,I
2010071410-05976,2010-03-02 19:24:00,40.73543,74.25040,NEWARK CITY,ESSEX,ESSEX COUNTY 665,COOLIDGE RD,13,0,I
2010071410-19943,2010-03-19 19:15:00,40.75591,74.18538,NEWARK CITY,ESSEX,BERGEN ST,3RD ST.,11,0,I
2010071410-3422,2010-07-20 21:42:00,40.73892,74.19227,NEWARK CITY,ESSEX,ROUTE 510,HUNTERDON ST.,13,0,I
2010071410-35759,2010-05-21 20:03:00,40.72711,74.17214,NEWARK CITY,ESSEX,NJ 21,EXIT 4,11,0,I
2010071410-41493,2010-06-15 06:30:00,40.73320,74.19560,NEWARK CITY,ESSEX,ESSEX COUNTY 603,BERGEN ST,07,0,I
201007141117954856,2010-02-14 17:38:00,40.76800,74.18159,NEWARK CITY,ESSEX,ROUTE 506 SPUR,1ST AVE / 5TH ST,03,0,I
2010071414813,2010-03-02 08:48:00,40.71105,74.19031,NEWARK CITY,ESSEX,NJ 27,PEERLESS PL,02,0,I
2010071455289,2010-08-16 13:20:00,40.73127,74.20541,NEWARK CITY,ESSEX,ESSEX COUNTY 603,SOUTH 11TH,03,0,I
201007152010-005853,2010-08-01 01:11:00,40.86335,74.25631,NORTH CALDWELL BORO,ESSEX,ROUTE 527,E GREEN BROOK RD,11,0,I
2010071610-16443,2010-06-25 11:47:00,40.83057,74.15574,NUTLEY TWP,ESSEX,ESSEX COUNTY 644,CATHEDRAL AVENUE,07,0,I
2010071610-22136,2010-08-18 22:58:00,40.81802,74.13742,NUTLEY TWP,ESSEX,NJ 21,CR 646 / PARK AVE,01,0,I
2010071610-22314,2010-08-18 22:58:00,40.81912,74.13613,NUTLEY TWP,ESSEX,NJ 21,CR 646 / PARK AVE,02,0,I
2010071710-38030,2010-03-14 01:26:00,40.77654,74.23128,ORANGE CITY,ESSEX,ESSEX COUNTY 638,WHITE ST,13,0,I
201007212010-000969,2010-01-23 06:36:00,40.85113,74.29818,WEST CALDWELL TWP,ESSEX,ROUTE 506,CR 613 / PASSAIC AVE,13,0,I
2010072210023874,2010-07-10 18:03:00,40.78651,74.23210,WEST ORANGE TWP,ESSEX,ESSEX COUNTY 659,KLING ST,13,0,I
20100722103339,2010-01-28 07:46:00,40.79896,74.23940,WEST ORANGE TWP,ESSEX,ESSEX COUNTY 611,MOUNTAIN AVE,04,0,I
201008012010010859,2010-07-27 22:53:00,39.67378,75.05376,CLAYTON BORO,GLOUCESTER,GLOUCESTER COUNTY 655,WHITNEY AVE,11,0,I
2010080210-00000549,2010-01-06 18:28:00,39.85326,75.12513,DEPTFORD TWP,GLOUCESTER,NJ 47,CONCORD AVE,13,0,I
201008021000023468,2010-08-14 14:43:00,39.78365,75.10198,DEPTFORD TWP,GLOUCESTER,NJ 47,NJ 41 / CR 603 / BARNS-BLKWOOD RD /,07,0,I
20100802100023468,2010-08-14 14:43:00,39.78365,75.10198,DEPTFORD TWP,GLOUCESTER,NJ 47,NJ 41 / CR 603 / BARNS-BLKWOOD RD /,07,0,I
20100803D020-2010-00622A,2010-06-30 22:03:00,39.78406,75.22391,EAST GREENWICH TWP,GLOUCESTER,NEW JERSEY TURNPIKE,,01,0,I
20100804201004381,2010-07-12 17:50:00,39.68917,75.11507,ELK TWP,GLOUCESTER,ROUTE 553,ARTHUR AVE,11,0,I
201008062010-00023885,2010-07-20 08:49:00,39.72779,75.11559,GLASSBORO BORO,GLOUCESTER,NJ 47,AUTUMN RIDGE DR,04,0,I
20100807201006030,2010-07-02 23:21:00,39.82509,75.28866,GREENWICH TWP,GLOUCESTER,NJ 44,PINE ST,13,0,I
2010080910-DRPA-1804,2010-07-11 12:56:00,39.81692,75.35950,LOGAN TWP,GLOUCESTER,US 322,#7 TOLL LANE,10,0,I
20100809201006748,2010-06-17 10:31:00,39.78812,75.39646,LOGAN TWP,GLOUCESTER,US 130,CENTER SQUARE ROAD,99,0,I
2010081110-1917,2010-01-19 00:19:00,39.68855,74.99219,MONROE TWP,GLOUCESTER,US 322,GORDON AVENUE,13,0,I
2010081110-2796,2010-01-27 05:14:00,39.70257,75.02442,MONROE TWP,GLOUCESTER,ROUTE 555,ROUN AVE,15,0,I
201008112010-17219,2010-06-12 17:14:00,39.68819,75.00833,MONROE TWP,GLOUCESTER,US 322,JOBS LANE,11,0,I
20100814A310-2010-01606A,2010-07-11 14:36:00,39.82573,75.22795,PAULSBORO BORO,GLOUCESTER,I-295,,10,0,I
2010081810-6181,2010-02-13 19:37:00,39.72297,75.03170,WASHINGTON TWP,GLOUCESTER,ROUTE 555,AMERICAN BLVD / STRAND AVE,07,0,I
2010081810-6265,2010-02-14 20:41:00,39.74079,75.09101,WASHINGTON TWP,GLOUCESTER,GLOUCESTER COUNTY 651,CR 638,11,0,I
2010090110-2315,2010-01-11 17:42:00,40.66735,74.11535,BAYONNE CITY,HUDSON,BROADWAY,27?,13,0,I
2010090600019-10,2010-01-01 06:40:00,40.70898,74.09964,JERSEY CITY,HUDSON,NJ 440,KELLOGG ST.,15,0,I
2010090610-035243,2010-11-12 14:45:00,40.73427,74.05695,JERSEY CITY,HUDSON,HUDSON COUNTY 663,CR 644,06,0,I
2010090621425,2010-08-14 01:40:00,40.73007,74.08558,JERSEY CITY,HUDSON,US 1 TRUCK,DUNCAN AVE,10,0,I
2010090622881-10,2010-08-29 21:12:00,40.73007,74.08558,JERSEY CITY,HUDSON,US 1 TRUCK,CR 605 / DUNCAN AVE,03,0,I
201009062985-10,2010-02-02 20:38:00,40.70325,74.09067,JERSEY CITY,HUDSON,ROUTE 501,BERGEN AVE,13,0,I
20100906483-10,2010-01-07 14:52:00,40.72839,74.06062,JERSEY CITY,HUDSON,BALDWIN AVE,HIGH ST,13,0,I
201009072010-1089,2010-01-17 08:12:00,40.74419,74.13915,KEARNY TOWN,HUDSON,I-280,HACKENSACK AVE,01,0,I
2010091010005746,2010-01-23 03:28:00,40.77275,74.03340,UNION CITY,HUDSON,30TH ST,HUDSON COUNTY 617,11,0,I
2010091010060359,2010-08-03 02:56:00,40.77890,74.02395,UNION CITY,HUDSON,BERGENLINE AVE,44TH STREET,13,0,I
2010091210-0000683,2010-01-07 08:10:00,40.79437,74.01818,WEST NEW YORK TOWN,HUDSON,ROUTE 501,64TH STREET,01,0,I
20101002B110-2010-00470A,2010-06-24 16:02:00,40.66183,75.05546,BETHLEHEM TWP,HUNTERDON,NJ 173,PERSON RD,02,0,I
201010062010016861,2010-07-08 01:08:00,40.64317,74.85094,CLINTON TWP,HUNTERDON,US 22,PETTICOAT LN,11,0,I
20101019028-10,2010-03-17 07:17:00,40.67418,74.91522,LEBANON TWP,HUNTERDON,NJ 31,VAN SYCKELS RD,07,0,I
20101026A10-06-048,2010-06-27 11:09:00,40.40296,74.90547,WEST AMWELL TWP,HUNTERDON,HUNTERDON COUNTY 605,NJ 179,11,0,I
2010110110-1724,2010-02-09 18:43:00,40.26783,74.54292,EAST WINDSOR TWP,MERCER,US 130,DUTCHNECK RD,13,0,I
20101102I-2010-003067,2010-01-30 19:06:00,40.26920,74.78382,EWING TWP,MERCER,NJ 31,CARLTON AVE,11,0,I
20101102I-2010-003881,2010-02-07 16:09:00,40.24033,74.75227,EWING TWP,MERCER,MERCER COUNTY 622,PRINCETON AVE,14,0,I
20101102I-2010-024460,2010-08-26 20:12:00,40.27710,74.78050,EWING TWP,MERCER,NJ 31,CR 636 / EWINGVILLE RD / UPPER FERR,03,0,I
2010110310-30964,2010-07-24 16:38:00,40.22832,74.72815,HAMILTON TWP,MERCER,NJ 33,JOHNSTON AVE,03,0,I
20101106HT2010-004622,2010-03-07 02:39:00,40.30758,74.82645,HOPEWELL TWP,MERCER,ROUTE 546,JACOBS CREEK RD,11,0,I
2010110710-47158-AC,2010-12-03 20:04:00,40.24544,74.75367,LAWRENCE TWP,MERCER,MERCER COUNTY 613,TIFFANY WOODS RD,13,0,I
2010110710-47963-AC,2010-12-09 12:44:00,40.27765,74.66983,LAWRENCE TWP,MERCER,ROUTE 533,LAWRENCE SQ. BLVD / VILLAGE RD W,01,0,I
2010110910-5099,2010-03-20 00:08:00,40.34607,74.65371,PRINCETON BORO,MERCER,ROUTE 571,FACULTY RD,13,0,I
201011092010-010789,2010-07-10 09:45:00,40.35007,74.65822,PRINCETON BORO,MERCER,NJ 27,ROUTE 571 / VANDEVENTER AVE / WASHI,06,0,I
2010111010-01581,2010-01-28 08:35:00,40.34872,74.64152,PRINCETON TWP,MERCER,MERCER COUNTY 629,LAKE LANE,04,0,I
2010111110012117,2010-08-03 17:37:00,40.22032,74.76186,TRENTON CITY,MERCER,E STATE ST,MONMOUTH ST,11,0,I
20101112I-2010-000237,2010-01-04 15:48:00,40.23206,74.59349,ROBBINSVILLE TWP,MERCER,US 130,,11,0,I
2010120210-03733,2010-07-15 16:39:00,40.32743,74.50644,CRANBURY TWP,MIDDLESEX,US 130,DEV ROAD,07,0,I
2010120510045266,2010-08-02 21:00:00,40.51491,74.40436,EDISON TWP,MIDDLESEX,ROUTE 529,GREENWOOD AVE,03,0,I
20101205D010-2010-01209A,2010-08-13 22:06:00,40.52434,74.34400,EDISON TWP,MIDDLESEX,I-95  N.J. TURNPIKE,,10,0,I
2010120910000666,2010-01-06 18:05:00,40.41145,74.30543,OLD BRIDGE TWP,MIDDLESEX,US 9,FAIRWAY LA,02,0,I
2010120910003933,2010-02-02 11:12:00,40.43581,74.30112,OLD BRIDGE TWP,MIDDLESEX,US 9,PERRINE RD,03,0,I
2010120910006189,2010-02-22 04:16:00,40.36781,74.30093,OLD BRIDGE TWP,MIDDLESEX,NJ 18,,10,0,I
2010120910007169,2010-03-03 15:39:00,40.37445,74.30675,OLD BRIDGE TWP,MIDDLESEX,US 9,SPRING VALLEY RD,03,0,I
2010120910010621,2010-04-01 19:08:00,40.40768,74.25085,OLD BRIDGE TWP,MIDDLESEX,ROUTE 516,APPLETREE DR / LAKE RIDGE DR,99,0,I
2010120910022122,2010-07-08 02:49:00,40.45691,74.24677,OLD BRIDGE TWP,MIDDLESEX,NJ 35,CR 689 / LAURENCE PKWY,11,0,I
20101210101321,2010-01-29 07:00:00,40.54002,74.35064,METUCHEN BORO,MIDDLESEX,MIDDLESEX COUNTY 660,GROVE AVENUE,13,0,I
2010121110-011733,2010-08-27 15:49:00,40.57888,74.50473,MIDDLESEX BORO,MIDDLESEX,NJ 28,LOCUST AVE.,07,0,I
2010121310018742,2010-07-18 23:11:00,40.35511,74.38607,MONROE TWP,MIDDLESEX,MIDDLESEX COUNTY 613,MATCHAPONIX AV CR 612,01,0,I
2010121510007367,2010-02-09 18:02:00,40.44008,74.52940,NORTH BRUNSWICK TWP,MIDDLESEX,MIDDLESEX COUNTY 682,KATHY STREET,13,0,I
2010121510030547,2010-06-04 07:33:00,40.44854,74.46363,NORTH BRUNSWICK TWP,MIDDLESEX,US 130,RAIDER RD,13,0,I
2010121610004442,2010-01-24 01:49:00,40.52213,74.28782,PERTH AMBOY CITY,MIDDLESEX,MIDDLESEX COUNTY 616,COLGATE AVE,04,0,I
2010121610035904,2010-07-03 22:34:00,40.51815,74.28416,PERTH AMBOY CITY,MIDDLESEX,NJ 35,SAYRE AVE,11,0,I
2010121710004989,2010-03-05 22:47:00,40.53250,74.41886,PISCATAWAY TWP,MIDDLESEX,ROUTE 529,EHTEL RD E / ETHEL RD W,11,0,I
2010121710016665,2010-07-23 03:04:00,40.53869,74.50046,PISCATAWAY TWP,MIDDLESEX,MIDDLESEX COUNTY 622,NETHERWOOD AVE,11,0,I
2010121910-3951,2010-03-03 15:57:00,40.45858,74.30635,SAYREVILLE BORO,MIDDLESEX,MIDDLESEX COUNTY 673,BORDENTOWN AVE CR 615,02,0,I
2010121910-906,2010-01-15 14:34:00,40.49372,74.29720,SAYREVILLE BORO,MIDDLESEX,US 9,NJ 35 / CHEVALIER AVE,01,0,I
2010121910013601,2010-07-24 14:36:00,40.47112,74.35418,SAYREVILLE BORO,MIDDLESEX,MIDDLESEX COUNTY 670,KEEGAN PL,05,0,I
20101221I-2010-011050,2010-03-16 00:42:00,40.39828,74.55666,SOUTH BRUNSWICK TWP,MIDDLESEX,US 1,NEW RD,03,0,I
2010122410000841,2010-07-11 21:31:00,40.40523,74.38715,SPOTSWOOD BORO,MIDDLESEX,MIDDLESEX COUNTY 613,BANK DRIVE,14,0,I
201012250602-10,2010-02-22 08:34:00,40.52503,74.29992,WOODBRIDGE TWP,MIDDLESEX,MIDDLESEX COUNTY 616,US 9,03,0,I
2010122510056963,2010-07-23 17:15:00,40.56959,74.29103,WOODBRIDGE TWP,MIDDLESEX,NJ 35,,11,0,I
20101225E040-2010-01479A,2010-05-23 23:40:00,40.59960,74.31811,WOODBRIDGE TWP,MIDDLESEX,GARDEN STATE PARKWAY,,11,0,I
201013062010-12517,2010-08-27 21:12:00,40.17657,74.04124,BELMAR BORO,MONMOUTH,NJ 35,CR 18 / 16TH AVE / BELMAR AVE,01,0,I
2010130710-024,2010-03-19 09:40:00,40.20219,74.01830,BRADLEY BEACH BORO,MONMOUTH,NJ 71,FIFTH AVE,14,0,I
2010130810-2401,2010-08-14 18:20:00,40.11077,74.06300,BRIELLE BORO,MONMOUTH,NJ 35,HIGGINS AVE,03,0,I
2010130910-1555,2010-03-11 14:55:00,40.29768,74.18801,COLTS NECK TWP,MONMOUTH,HEYERS MILL RD,FLOCK ROAD,11,0,I
2010130910-5381,2010-08-25 17:06:00,40.31160,74.15046,COLTS NECK TWP,MONMOUTH,MONMOUTH COUNTY 54,LAIRD ROAD,14,0,I
20101311I-2010-009754,2010-06-03 07:26:00,40.29190,74.06458,EATONTOWN BORO,MONMOUTH,NJ 36,GRANT AVE,07,0,I
2010131510-63,2010-02-23 19:15:00,40.26381,74.26696,FREEHOLD BORO,MONMOUTH,ROUTE 537,JACKSON ST / JACKSON TER,03,0,I
201013162010-0002438,2010-02-04 16:08:00,40.25672,74.29079,FREEHOLD TWP,MONMOUTH,US 9,RACEWAY MALL DR,14,0,I
2010131710-825,2010-02-21 01:29:00,40.40534,74.00524,HIGHLANDS BORO,MONMOUTH,NJ 36,CR 8B / NAVESINK AVE / ORCHARD AVE,01,0,I
2010131910-12786-AC,2010-04-04 14:24:00,40.16705,74.23684,HOWELL TWP,MONMOUTH,US 9,GEORGIA TAVERN RD / HULSE RD,99,0,I
2010131910-30278-AC,2010-08-17 19:22:00,40.18549,74.21743,HOWELL TWP,MONMOUTH,GEORGIA TAVERN RD,PESKIN ROAD,03,0,I
2010132210-2398,2010-03-18 14:53:00,40.43892,74.19682,KEYPORT BORO,MONMOUTH,MONMOUTH COUNTY 6 IV,CR 516,13,0,I
2010132210-6042,2010-07-19 00:51:00,40.42613,74.20543,KEYPORT BORO,MONMOUTH,NJ 35,GARDEN STATE PARKWAY RAMP TO RT. 35,11,0,I
20101323I-2010-007748,2010-08-03 19:11:00,40.32783,74.02198,LITTLE SILVER BORO,MONMOUTH,MONMOUTH COUNTY 33,SILVERSIDE AVENUE,07,0,I
201013262010-325(C),2010-01-05 23:50:00,40.25407,74.36990,MANALAPAN TWP,MONMOUTH,NJ 33,WOODWARD RD,11,0,I
20101326J2010-03538C,2010-02-24 13:30:00,40.31040,74.31998,MANALAPAN TWP,MONMOUTH,GORDONS CORNER RD,TUPPENCE ROAD,02,0,I
2010132810-018412,2010-08-05 18:43:00,40.32929,74.27277,MARLBORO TWP,MONMOUTH,NJ 18,,11,0,I
2010132910-5002,2010-08-19 17:50:00,40.40827,74.23608,MATAWAN BORO,MONMOUTH,NJ 34,ROUTE 516 / BROAD ST,14,0,I
201013311002050050,2010-02-05 10:58:00,40.40514,74.00376,MIDDLETOWN TWP,MONMOUTH,NJ 36,CR 8B / NAVESINK AVE / ORCHARD AVE,12,0,I
20101331100225-00105,2010-02-25 19:01:00,40.41435,74.05774,MIDDLETOWN TWP,MONMOUTH,NJ 36,LEONARD AVE,03,0,I
201013311008120089,2010-08-12 17:27:00,40.41235,74.04869,MIDDLETOWN TWP,MONMOUTH,NJ 36,AVE D,07,0,I
20101332C060-2010-00902A,2010-07-22 10:26:00,40.19685,74.37181,MILLSTONE TWP,MONMOUTH,ROUTE 537,ELY HARMONY RD,03,0,I
201013342010-16288,2010-06-30 21:35:00,40.23026,74.05965,NEPTUNE TWP,MONMOUTH,NJ 66,BROWN RD / WAYSIDE RD,04,0,I
201013342010-16466,2010-07-02 16:34:00,40.22240,74.03397,NEPTUNE TWP,MONMOUTH,NJ 35,CORTLAND ST,13,0,I
2010133510NC-7903-AC,2010-07-16 14:19:00,40.20690,74.04498,NEPTUNE CITY BORO,MONMOUTH,MONMOUTH COUNTY 2,SPRINGDALE AVENUE,03,0,I
20101336E05010-437A,2010-03-19 22:01:00,40.31212,74.09540,TINTON FALLS BORO,MONMOUTH,GARDEN STATE PARKWAY,,15,0,I
201013372010-1881,2010-01-29 18:21:00,40.26119,74.05873,OCEAN TWP,MONMOUTH,NJ 18,WEST PARK AVE,04,0,I
2010133910-1013-AC,2010-12-26 13:54:00,40.43442,74.18200,HAZLET TWP,MONMOUTH,POOLE AVE,GINA DRIVE,13,0,I
2010133910-204-AC,2010-03-14 03:38:00,40.41409,74.19083,HAZLET TWP,MONMOUTH,MONMOUTH COUNTY 4 II,MOAK DRIVE,11,0,I
2010133910-578-AC,2010-07-26 13:49:00,40.44057,74.14138,HAZLET TWP,MONMOUTH,LAUREL AVE,RUSSEL PLACE,10,0,I
2010133910-648-AC,2010-08-21 12:31:00,40.43724,74.14107,HAZLET TWP,MONMOUTH,NJ 36,LAUREL AVE,01,0,I
2010133910-687-AC,2010-09-05 16:43:00,40.43388,74.18176,HAZLET TWP,MONMOUTH,POOLE AVE,RT 35,02,0,I
2010134010-00948,2010-01-22 20:30:00,40.33748,74.07302,RED BANK BORO,MONMOUTH,ROUTE 520,S BRIDGE AVE,13,0,I
2010134010-09739,2010-08-01 00:00:00,40.34412,74.07592,RED BANK BORO,MONMOUTH,MONMOUTH COUNTY 13,CATHERINE STREET,13,0,I
2010134210-1229-AC,2010-01-25 20:14:00,40.36112,73.99843,RUMSON BORO,MONMOUTH,ROUTE 520,CR 8A / BINGHAM AVE,03,0,I
2010134210-919-AC,2010-01-20 07:27:00,40.35825,74.00392,RUMSON BORO,MONMOUTH,ROUTE 520,BROADMOOR DR,04,0,I
201013522010-00905,2010-03-25 15:30:00,40.16926,74.03431,WALL TWP,MONMOUTH,MONMOUTH COUNTY 30 II,CAMP MEETING STREET,11,0,I
20101352E050201000804A,2010-05-21 20:41:00,40.18559,74.09988,WALL TWP,MONMOUTH,GARDEN STATE PARKWAY,,13,0,I
20101352E050201002391A,2010-12-18 05:32:00,40.14882,74.10664,WALL TWP,MONMOUTH,GARDEN STATE PARKWAY,,01,0,I
20101353I-2010-002247,2010-02-19 12:48:00,40.30344,74.01444,WEST LONG BRANCH BORO,MONMOUTH,NJ 36,CR 11 / OCEANPORT AVE,03,0,I
2010140310-305-AC,2010-01-07 10:47:00,41.00668,74.35901,BUTLER BORO,MORRIS,NJ 23,CENTER CT,03,0,I
201014082010-024305,2010-08-14 16:31:00,40.89581,74.48527,DENVILLE TWP,MORRIS,US 46,FRANKLIN RD,03,0,I
2010141010-08270,2010-07-20 14:23:00,40.82337,74.34043,EAST HANOVER TWP,MORRIS,RIVER RD,FOX RUN DRIVE,07,0,I
201014122010-005765,2010-03-01 23:42:00,40.83675,74.42117,HANOVER TWP,MORRIS,ROUTE 511,BERKSHIRE ST,11,0,I
201014122010-021236,2010-08-16 17:29:00,40.82865,74.44635,HANOVER TWP,MORRIS,MALAPARDIS RD,RIDGEDALE AVENUE,04,0,I
20101414100007877,2010-07-27 00:08:00,41.01407,74.51398,JEFFERSON TWP,MORRIS,MORRIS COUNTY 699,COZY LAKE ROAD,10,0,I
201014212010-000766,2010-01-11 22:33:00,40.91327,74.39021,MONTVILLE TWP,MORRIS,US 202,MORRIS AVE,11,0,I
20101421B080201002501A,2010-12-18 23:07:00,40.91593,74.37051,MONTVILLE TWP,MORRIS,I-287,,11,0,I
20101424100000013,2010-01-01 01:47:00,40.79937,74.47923,MORRISTOWN TOWN,MORRIS,SPRING STREET,MARTIN LUTHER KING A,11,0,I
20101433B080-2010-002409A,2010-12-07 12:15:00,40.98289,74.31303,RIVERDALE BORO,MORRIS,I-287,,99,0,I
20101434I-2010-000942,2010-08-10 16:39:00,40.89187,74.51789,ROCKAWAY BORO,MORRIS,US 46,MANNINO DR,04,0,I
2010150510-381,2010-06-07 15:12:00,39.93577,74.22723,BERKELEY TWP,OCEAN,ROUTE 530,CR 618 / DOVER RD / OKESWICK RD,99,0,I
201015062010-00013015,2010-03-24 15:19:00,40.04557,74.10845,BRICK TWP,OCEAN,ROUTE 528,CHURCH RD,11,0,I
201015062010-00036852,2010-07-05 01:29:00,40.03303,74.14316,BRICK TWP,OCEAN,ROUTE 549,BEAVERSON BLVD,12,0,I
2010150710-2946,2010-01-17 03:09:00,39.95191,74.19861,TOMS RIVER TWP,OCEAN,ROUTE 549,EDKEN AVENUE,11,0,I
2010150710-3575,2010-01-20 17:57:00,39.95022,74.13021,TOMS RIVER TWP,OCEAN,NJ 37,GARFIELD AVE,13,0,I
2010150710-39928,2010-07-07 14:52:00,40.00712,74.22831,TOMS RIVER TWP,OCEAN,ROUTE 527,SUPERIOR CT,11,0,I
2010150710-42908,2010-07-19 15:01:00,40.01701,74.17139,TOMS RIVER TWP,OCEAN,OCEAN COUNTY 620,SILVERTON RD,11,0,I
2010150710-45103,2010-07-28 19:20:00,39.98642,74.21052,TOMS RIVER TWP,OCEAN,NJ 166,HILLTOP RD,03,0,I
2010150710-45248,2010-07-29 12:58:00,39.97041,74.20430,TOMS RIVER TWP,OCEAN,NJ 166,CR 623 / OLD FREEHOLD RD,11,0,I
2010150710-8037,2010-02-12 09:14:00,39.96545,74.21702,TOMS RIVER TWP,OCEAN,NJ 37,HOSPITAL DR,03,0,I
20101511I-2010-032596,2010-07-31 11:21:00,40.11640,74.34318,JACKSON TWP,OCEAN,ROUTE 527,HONEYSUCKLE LA,99,0,I
20101511I-2010-033101,2010-08-03 20:22:00,40.11223,74.34296,JACKSON TWP,OCEAN,ROUTE 527,BENNETTS MILLS ROAD,07,0,I
2010151410-14392,2010-02-22 03:19:00,40.08257,74.16888,LAKEWOOD TWP,OCEAN,NJ 88,ROUTE 549 / CHAMBERS BRIDGE RD / LA,11,0,I
2010151410-49133,2010-07-08 12:17:00,40.10033,74.21826,LAKEWOOD TWP,OCEAN,US 9,11TH ST,01,0,I
201015182010-114,2010-02-10 13:13:00,39.99579,74.35253,MANCHESTER TWP,OCEAN,NJ 70,,04,0,I
20101526I-2010-00904,2010-01-18 15:37:00,39.94134,74.07539,SEASIDE HEIGHTS BORO,OCEAN,OCEAN COUNTY 47,SUMNER AVENUE,11,0,I
201015302010-020089,2010-09-06 08:55:00,39.67013,74.28021,STAFFORD TWP,OCEAN,US 9,,11,0,I
20101530E030-10-1052A,2010-07-13 08:12:00,39.73095,74.26416,STAFFORD TWP,OCEAN,GARDEN STATE PARKWAY,,01,0,I
2010153310038672,2010-08-07 14:21:00,39.77953,74.33681,BARNEGAT TWP,OCEAN,NJ 72,RT 532,04,0,I
2010160110-1967,2010-07-11 20:09:00,41.00365,74.33312,BLOOMINGDALE BORO,PASSAIC,ROUTE 511,CR 694 / PATERSON HAM. TNPK,13,0,I
2010160210-293,2010-01-08 11:56:00,40.87080,74.15390,CLIFTON CITY,PASSAIC,PASSAIC COUNTY 611,CR 618,13,0,I
2010160210-6660,2010-05-30 08:10:00,40.82103,74.12831,CLIFTON CITY,PASSAIC,NJ 21,NJ 3,01,0,I
2010160610-0388,2010-02-17 21:54:00,40.96361,74.19163,NORTH HALEDON BORO,PASSAIC,PASSAIC COUNTY 675,MELISSA DRIVE,11,0,I
201016072010-33473,2010-08-15 03:09:00,40.86108,74.11996,PASSAIC CITY,PASSAIC,NJ 21,,10,0,I
2010160810-097460,2010-08-31 10:42:00,40.93439,74.15164,PATERSON CITY,PASSAIC,PASSAIC COUNTY 652,EAST SEVENTH STREET,13,0,I
2010161410-22930,2010-09-08 16:45:00,40.96464,74.24337,WAYNE TWP,PASSAIC,ROUTE 502,ALP RD / BRITNEY CT,11,0,I
2010161432399,2010-12-23 11:46:00,40.94942,74.24402,WAYNE TWP,PASSAIC,ROUTE 504,CR 670 / ALPS RD,02,0,I
20101705A140201000066A,2010-02-02 16:48:00,39.61484,75.33768,MANNINGTON TWP,SALEM,SALEM COUNTY 603,MANNINGTON YORKETOWN ROAD,03,0,I
20101709I-2010-05592,2010-05-30 07:11:00,39.65937,75.37101,PILESGROVE TWP,SALEM,US 40,,99,0,I
20101713I-2010-03066,2010-03-25 15:21:00,39.67613,75.40089,CARNEYS POINT TWP,SALEM,US 40,CR 646 / POINTERS AUBURN RD,05,0,I
20101803I-2010-003839,2010-02-28 11:25:00,40.73919,74.57869,BERNARDSVILLE BORO,SOMERSET,ROUTE 525,PFIZER RD,07,0,I
20101805B10-064,2010-02-16 09:16:00,40.60222,74.68992,BRANCHBURG TWP,SOMERSET,US 22,CR 637 / RARITIAN VALLEY COLLAGE DR,03,0,I
201018062010-00002728,2010-08-01 04:19:00,40.57275,74.54964,BRIDGEWATER TWP,SOMERSET,ROUTE 525,STRATFORD PL,11,0,I
2010180810013918,2010-03-17 17:48:00,40.50023,74.47362,FRANKLIN TWP,SOMERSET,SOMERSET COUNTY 617,HIGHLAND AVENUE,13,0,I
2010180810039492,2010-08-22 21:24:00,40.52014,74.56565,FRANKLIN TWP,SOMERSET,METTLERS RD,WESTON RD,11,0,I
2010180810040211,2010-08-28 12:22:00,40.45497,74.51486,FRANKLIN TWP,SOMERSET,NJ 27,CORTELYOUS LN,05,0,I
2010180910-181-AC,2010-06-11 17:37:00,40.59957,74.49017,GREEN BROOK TWP,SOMERSET,SOMERSET COUNTY 651,RED BUD LANE,01,0,I
2010180910-211-AC,2010-06-30 01:47:00,40.59375,74.49372,GREEN BROOK TWP,SOMERSET,US 22,KING GEORGE RD,13,0,I
2010181010-36,2010-01-05 18:09:00,40.50352,74.67559,HILLSBOROUGH TWP,SOMERSET,ROUTE 514,BECKMAN RD,11,0,I
201018112010-08038,2010-08-23 12:40:00,40.53949,74.58831,MANVILLE BORO,SOMERSET,ROUTE 533,BECKMAN AVE,13,0,I
2010181310010773,2010-07-18 16:02:00,40.46756,74.67313,MONTGOMERY TWP,SOMERSET,SOMERSET COUNTY 601,PLEASANT VIEW ROAD,99,0,I
2010181310011967,2010-08-09 14:44:00,40.40365,74.70255,MONTGOMERY TWP,SOMERSET,SOMERSET COUNTY 601,COUNTRY CLUB DRIVE,99,0,I
20101814I-N2010-001047,2010-01-13 22:18:00,40.64135,74.41535,NORTH PLAINFIELD BORO,SOMERSET,SOMERSET COUNTY 642,NJ 22,11,0,I
20101814I-N2010-004892,2010-03-05 19:28:00,40.62061,74.42474,NORTH PLAINFIELD BORO,SOMERSET,ROUTE 531,PEARL ST / WATCHUNG AVE,13,0,I
20101820I-2010-000964,2010-01-18 12:47:00,40.60445,74.52188,WARREN TWP,SOMERSET,SOMERSET COUNTY 616,KING GEORGE ROAD,11,0,I
20101820I-2010-003881,2010-03-14 11:19:00,40.65874,74.48067,WARREN TWP,SOMERSET,SOMERSET COUNTY 653,CR 622,11,0,I
20101913B050-2010-00871A,2010-09-06 13:35:00,41.09120,74.70646,LAFAYETTE TWP,SUSSEX,NJ 94,VALLEY VIEW RD,03,0,I
20102003E040-2010-00143A,2010-01-19 13:13:00,40.66090,74.28706,CRANFORD TWP,UNION,GARDEN STATE PARKWAY,,11,0,I
2010200410-13134,2010-06-30 18:31:00,40.65078,74.20691,ELIZABETH CITY,UNION,SUMMER ST,FIFTH AVE,14,0,I
2010200410-16185,2010-08-12 20:10:00,40.66512,74.21714,ELIZABETH CITY,UNION,E JERSEY ST,UNION ST,14,0,I
2010200410-372,2010-01-06 16:43:00,40.66019,74.22125,ELIZABETH CITY,UNION,NJ 27,NJ 27 / CHILTON ST / SOUTH ST,08,0,I
201020052010-000428,2010-01-15 14:35:00,40.64668,74.39332,FANWOOD BORO,UNION,UNION COUNTY 655,MADISON AVE,02,0,I
2010200910000067,2010-01-01 14:12:00,40.62330,74.24624,LINDEN CITY,UNION,US 1,CR 615 / STILLES AVE,13,0,I
2010200910023225,2010-06-07 21:19:00,40.63827,74.24080,LINDEN CITY,UNION,LINDEN AVE,WILLOW GLADE RD,11,0,I
2010200910026335,2010-06-28 08:43:00,40.63013,74.24938,LINDEN CITY,UNION,LINDEN AVE,S WOOD AVE,14,0,I
2010201310-000861,2010-01-10 02:04:00,40.60448,74.29487,RAHWAY CITY,UNION,LAKE AVE,MADISON AVE,04,0,I
201020132010-023500,2010-07-24 00:24:00,40.60241,74.29003,RAHWAY CITY,UNION,NJ 27,W LAKE AVE,06,0,I
201020132010-23496,2010-07-24 00:01:00,40.60645,74.28820,RAHWAY CITY,UNION,NJ 27,MAPLE AVE,11,0,I
2010201410-1787,2010-01-18 18:40:00,40.65841,74.26631,ROSELLE BORO,UNION,UNION COUNTY 619,SECOND AVE,13,0,I
201020152010-014154,2010-06-26 18:38:00,40.66233,74.26723,ROSELLE PARK BORO,UNION,UNION COUNTY 619,WARREN AVE,03,0,I
201020152010-016062,2010-07-21 08:57:00,40.66395,74.26450,ROSELLE PARK BORO,UNION,UNION COUNTY 627,GRANT AVE,06,0,I
201020152010-017223,2010-08-07 12:15:00,40.66417,74.24693,ROSELLE PARK BORO,UNION,UNION COUNTY 616,NJ 28,01,0,I
201020172010-8688,2010-12-26 09:06:00,40.68682,74.31573,SPRINGFIELD TWP,UNION,US 22,STERN ST,11,0,I
20102018100011817,2010-06-17 09:24:00,40.71121,74.35428,SUMMIT CITY,UNION,UNION COUNTY 622,ROUTE 527,13,0,I
201021072010-0459,2010-02-06 22:32:00,40.66369,75.11775,GREENWICH TWP,WARREN,NJ 173,CR 644 / GREENWICH CHURCH RD,11,0,I
2010211610-020,2010-01-24 17:23:00,40.78430,74.95894,MANSFIELD TWP,WARREN,WARREN COUNTY 628,WESTERVELT ROAD,11,0,I
20102119PD-10-005819,2010-08-20 20:59:00,40.69673,75.18106,PHILLIPSBURG TOWN,WARREN,US 22,PICKFORD AVE,13,0,I
201021202010-3577,2010-06-22 10:20:00,40.67730,75.15667,POHATCONG TWP,WARREN,ROUTE 519,MARCH BLVD,11,0,I
2010212210-072,2010-02-27 06:36:00,40.71929,74.97066,WASHINGTON TWP,WARREN,NJ 31,CR 632 / ASBURY-ANDERSON RD,03,0,I
