id,vehicle_number,charge
201701021701-0347,1,                              
201701021703-0438,1,                              
201701021704-0828,1,                              
201701021704-1028,1,39:4-96                       
201701021704-1028,2,                              
201701021704-1028,3,                              
201701021704-1028,4,                              
201701021704-1028,5,                              
201701021705-0445,1,39:4-50                       
201701021707-0176,1,                              
201701021707-1068,1,39:4-50                       
201701021709-0984,1,                              
201701021709-0984,2,39:4-96                       
201701021710-1193,1,DRIVING UNDER THE INFLUENCE/D?
201701021710-1193,2,                              
201701021711-0730,1,                              
201701021712-0020,1,39:4-50                       
201701021712-0778,1,                              
20170105A090-2017-00095A,1,                              
20170105A090-2017-00213A,1,                              
20170105A090-2017-00403A,1,39 4 97                       
201701072017008274,1,NONE                          
201701072017008274,2,                              
201701082017-00000706,1,                              
201701082017-00013643,1,                              
201701082017-00014861,1,39:4-96                       
201701082017-00014861,2,                              
201701082017-00015551,1,39:4-97                       
201701082017-00015551,2,                              
201701082017-00026979,1,39:4-97                       
201701082017-00026979,2,                              
201701082017-00031352,1,39:3-40                       
201701082017-00032717,1,                              
201701082017-00032717,2,                              
201701082017-00035708,1,39:4-50                       
201701082017-00049847,1,                              
201701082017-00050376,1,39:4-97                       
201701082017-00058168,1,39:4-50(G)(1)                 
201701082017-00068431,1,39:4-50                       
201701082017-00068431,2,                              
201701082017-00070756,1,39:4-97                       
201701082017-00070756,2,                              
201701082017-00071890,1,                              
201701082017073605,1,39:4-97                       
201701082017073605,2,                              
20170108A160-2017-00286A,1,39 3 40                       
20170108A160-2017-00319A,1,                              
20170109A090-2017-00038A,1,                              
20170110A090-2017-00163A,1,                              
201701112017-00023734,1,                              
201701112017-00023734,2,                              
201701112017-00025567,1,                              
201701112017-00032626,1,                              
201701122017009241,1,                              
201701122017009241,2,39:4-96                       
201701122017010330,1,39:4-97                       
201701122017010620,1,                              
201701122017010620,2,                              
201701122017016971,1,NONE                          
201701122017017945,1,39:3-40                       
201701122017023401,1,NONE                          
201701122017033224,1,39:4-97                       
201701122017033224,2,                              
201701122017038061,1,                              
201701122017049489,1,NONE                          
201701122017049489,2,                              
20170112A160-2017-00412A,1,39 3 17                       
20170112A160-2017-00437A,1,                              
201701132017-03688,1,39:4-97                       
201701132017-03688,2,                              
20170113I-2017-02364,1,39:4-50                       
20170113I-2017-08078,1,39:4-144                      
20170113I-2017-08078,2,                              
20170113I-2017-08781,1,                              
20170113I-2017-08781,2,                              
20170114I-2017-21086,1,39:4-50                       
20170115I-2017-03964,1,                              
2017011617-11650,1,                              
2017011617-11650,2,                              
20170117I-2017-006653,1,39:4-50                       
20170117I-2017-006653,2,                              
20170117I-2017-006763,1,                              
20170117I-2017-006763,2,39:4-88B                      
20170117I-2017-008505,1,39:4-96 RECKLESS DRIVING      
20170117I-2017-008505,2,                              
20170117I-2017-008505,3,                              
20170119I-2017-002297,1,                              
20170119I-2017-015208,1,                              
20170119I-2017-020360,1,                              
20170119I-2017-029586,1,                              
20170120E030-2017-00034A,1,                              
20170121I-2017-013526,1,                              
20170123A090-2017-00195A,1,39 4 97                       
20170123A090-2017-00195A,2,                              
2017020117-00852,1,                              
2017020317-32731,1,FAILURE TO YIELD TO PED  39:4?
2017020317-41060,1,39:4-36A(1) FAILED TO YIELD TO
20170206I-2017-022934,1,39:4-50 DRIVING WHILE UNDER T?
20170206I-2017-022934,2,                              
20170206I-2017-022934,3,                              
20170211B060-2017-03728A,1,                              
20170211I-2017-038732,1,                              
20170211I-2017-038732,2,39:4-50 D.W.I.                
20170212ER-17-01423,1,                              
20170212ER1701423,1,                              
20170213I-2017-018994,1,                              
20170213I-2017-018994,2,                              
20170213I-2017-018994,3,                              
2017021417-04467,1,                              
2017021417-29566,1,                              
20170215I-2017-000017,1,                              
20170215I-2017-016433,1,                              
20170215I-2017-016433,2,                              
20170215I-2017-019099,1,39:4-97 CARELESS DRIVING LIK  
20170215I-2017-034938,1,                              
20170215I-2017-036548,1,                              
20170215I-2017-036548,2,                              
20170216I-2017-015316,1,39:4-97 CARELESS DRIVING      
2017021717-05586,1,39:3-40                       
2017021717-07720,1,39:4-129A                     
2017021717-11153,1,                              
2017021717-11153,2,                              
2017021717-15769,1,                              
2017021717-15769,2,                              
2017021717-22544,1,                              
2017021717-22544,2,                              
2017021817-10115-AC,1,                              
2017021817-10115-AC,2,                              
201702192017-030975,1,FAILURE TO YIELD TO PEDESTRIA?
201702192017-15187,1,                              
2017022017-14407,1,                              
2017022017-14407,2,                              
2017022017-7479,1,                              
20170221I-2017-038362,1,                              
20170221I-2017-038362,2,                              
20170221I-2017-038362,3,                              
20170221I-2017-039695,1,39:4-50 OPERATE MOTOR VEHICLE?
20170221I-2017-047699,1,                              
20170222I-2017-008062,1,39:4-129 LEAVING THE SCENE OF?
2017022317-001097,1,39:4-32B                      
2017022317-024744,1,                              
2017022317-042270,1,                              
2017022317-042270,2,                              
2017022417-24-02059,1,                              
2017022424-17-05268,1,39:4-144                      
2017022424-17-05268,2,                              
201702272017-001948,1,                              
2017022917-05388,1,                              
2017022917-05388,2,                              
201702302017-006131,1,                              
201702312017-011154,1,                              
201702312017-012253,1,                              
2017023217-04521,1,                              
2017023217-13004,1,                              
2017023217-13004,2,                              
201702332017-06013,1,                              
201702332017-06013,2,                              
201702332017-06013,3,                              
20170234I-2017-002888,1,39:4-82 FAILURE TO KEEP RIGHT 
20170234I-2017-002888,2,                              
20170234I-2017-003732,1,39:4-36 FAILED TO YIELD TO PE?
20170234I-2017-008036,1,                              
2017023617-04071,1,39:4-97                       
2017023617-04071,2,                              
20170236E040-2017-01934A,1,                              
20170236E040-2017-01934A,2,                              
20170236E040-2017-01934A,3,39 4 88B                      
20170238I-2017-002851,1,                              
2017023917-8167,1,                              
2017023917-8167,2,                              
2017024141-17-003961,1,39:4-97                       
2017024141-17-003961,2,                              
2017024317-MV-31,1,                              
2017024417-44-01969,1,                              
20170245I-2017-003579,1,39:4-36  FAILURE TO YIELD PEDE
20170245I-2017-009762,1,39:4-50 DRIVING WHILE UNDER T?
20170245I-2017-009762,2,                              
20170245I-2017-009762,3,                              
20170245I-2017-009762,4,                              
20170245I-2017-016902,1,                              
20170245I-2017-018752,1,                              
20170245I-2017-018752,2,                              
20170246BS-17-057510,1,39:4-89                       
20170246BS-17-057510,2,                              
20170246I-2017-015348,1,39:6B-2 UNINSURED MOTORIST/VE?
20170246I-2017-026511,1,                              
20170246I-2017-029644,1,                              
20170246I-2017-033506,1,                              
20170246I-2017-044343,1,                              
20170246I-2017-044343,2,                              
20170246I-2017-054592,1,                              
20170246I-2017-054592,2,                              
2017024817-13848,1,39:4-96                       
2017024817-13848,2,                              
201702492017-006865,1,39:4-96                       
201702492017-012076,1,39:4-115                      
201702492017-012076,2,                              
201702492017-012969,1,39:4-97                       
20170249D030-2017-04060A,1,                              
20170249D030-2017-04060A,2,                              
201702502017-00077,1,39:4-50                       
201702502017-00077,2,                              
201702502017-07550,1,                              
201702502017-07626,1,39:4-97                       
201702502017-07626,2,                              
201702502017-13200,1,                              
20170251I-2017-009734,1,                              
20170251I-2017-024641,1,39:4-50 DRIVING WHILE UNDER T?
20170251I-2017-024641,2,                              
201702522017-06441,1,                              
201702522017-06441,2,                              
201702532017-003134,1,39:4-98                       
2017025617-12228,1,                              
2017025617-13698,1,                              
2017025617-14757,1,                              
2017025617-14757,2,39:3-4 (UNREGISTERED)         
2017025617-19463,1,                              
2017025617-19463,2,                              
2017025717-07556,1,                              
20170257B060-2017-01052A,1,                              
20170257B060-2017-01052A,2,                              
20170257B060-2017-01469A,1,39 4 50                       
20170257E040-2017-04167A,1,                              
2017025817-05251,1,NONE                          
2017025817-05251,2,                              
2017025817-07060,1,NONE                          
20170259I-2017-00579,1,                              
20170260PD-17-045932,1,                              
20170260PD-17-045932,2,                              
20170261A2017-046,1,NONE AT SCENE                 
20170261A2017-046,2,                              
2017026717-01218,1,                              
2017026717-10039,1,                              
2017026717-20434,1,39:4-123                      
2017026917-09099,1,                              
2017027017-006873,1,39:4-97                       
201703042017-00018096,1,                              
201703042017-00018096,2,                              
201703042017-2573,1,39:4-96 / 39:4-97             
201703042017-4413,1,39:4-97 CARELESS DRIVING      
201703042017-4413,2,                              
2017030491-17-009716,1,                              
2017030491-17-009716,2,                              
20170304D020-2017-00994A,1,                              
20170304D020-2017-00994A,2,                              
2017030517-0352,1,                              
2017030517-0352,2,                              
201703062017-07933,1,                              
201703062017-11378,1,39:4-96 (RECKLESS DRIVING)    
201703062017-11378,2,                              
201703062017-11378,3,                              
201703062017-11801,1,39:4-50                       
201703062017-1833,1,39:4-50 (DUI)                 
201703062017-1833,2,                              
201703062017-1833,3,                              
201703062017-1833,4,                              
201703062017-9026,1,39:3-10 (UNLICENSED)          
201703062017-9026,2,                              
201703082017-02905,1,39:3-40                       
20170310201702761,1,                              
20170310201702761,2,                              
201703132017-33080,1,DWI                           
201703152017-4918,1,39:4-88B                      
201703152017-6586,1,39:4-50                       
201703172017-2448,1,39:4-50 DRVING WHILE INTOXICA?
201703172017-2448,2,                              
201703172017-4987,1,39:4-144                      
201703172017-4987,2,                              
201703172017-6784,1,DUI                           
201703172017-7848,1,                              
201703172017-7848,2,                              
201703182017-18,1,NONE ISSUED                   
20170318C020-2017-00005A,1,                              
20170318C020-2017-00005A,2,                              
20170318C020-2017-00160A,1,39 4 50                       
20170318C020-2017-00160A,2,                              
20170318C020-2017-00925A,1,                              
20170318C020-2017-00925A,2,                              
2017031917-17712,1,                              
2017031917-17712,2,                              
2017031917-17712,3,                              
2017031917-17712,4,                              
2017031917-5199,1,CARELESS DRIVING              
201703222017-10831,1,                              
201703222017-10831,2,39:4-144                      
2017032317-2342,1,39:4-50                       
201703242017-01777,1,                              
201703242017-01777,2,                              
201703242017-01826,1,                              
201703242017-01826,2,                              
201703242017-04411,1,39:4-144                      
201703242017-04411,2,                              
201703242017-05058,1,39:4-88B                      
201703242017-05058,2,                              
201703242017-08854,1,39:4-144                      
201703242017-08854,2,                              
201703242017-29328,1,39:4-97                       
201703242017-29328,2,                              
20170324C020-2017-00504A,1,                              
20170324C020-2017-00504A,2,                              
20170324D020-2017-00106A,1,                              
201703262017-4757,1,                              
201703262017-4948,1,39:4-144 / 39:4-97            
201703262017-4948,2,                              
201703292017-13939,1,                              
201703292017-16522,1,                              
201703292017-203,1,39:4-97 CARELESS DRIVING      
20170333C080-2017-00263A,1,                              
20170333C080-2017-00263A,2,                              
20170333C080-2017-00809A,1,39 4 50                       
20170334C080-2017-00858A,1,                              
20170335C080-2017-00466A,1,39 4 97                       
20170336C120-2017-00038A,1,                              
20170336C120-2017-00123A,1,                              
20170336C120-2017-00123A,2,                              
20170337D020-2017-00320A,1,                              
201703382017-00007504,1,                              
201703382017-00020259,1,CARELESS DRIVING 39:4-97      
201703382017-00020259,2,                              
20170339C080-2017-00583A,1,                              
20170339C080-2017-00583A,2,                              
20170339C080-2017-00583A,3,                              
20170339C080-2017-00673A,1,39 4 50                       
20170339C080-2017-00673A,2,                              
20170339C080-2017-00679A,1,39 4 50                       
20170403A310-2017-01120A,1,39 4 50                       
20170404A310-2017-00874A,1,                              
20170404A310-2017-01586A,1,39 4 50                       
20170404A310-2017-02835A,1,39 4 97                       
20170404A310-2017-02835A,2,                              
201704062017006838,1,                              
201704062017007994,1,                              
201704081701202670,1,DUI                           
201704081701232401,1,                              
201704081702190996,1,39:4-125                      
201704081702190996,2,                              
201704081702240914,1,                              
201704081702240914,2,                              
201704081704161861,1,                              
201704081704231494,1,                              
201704081704241843,1,                              
2017040917-011202,1,39:4-144                      
2017040917-011202,2,                              
2017040917-018735,1,39:4-97                       
2017040917-018735,2,                              
2017040917-023010,1,                              
2017040917-023010,2,                              
2017040917-028562,1,                              
2017040917-028562,2,                              
2017040917-040102,1,                              
2017040917-040102,2,                              
2017040917-049224,1,39:4-144                      
2017040917-049224,2,                              
2017040917-054384,1,39:4-50                       
2017040917-075886,1,39:4-97                       
2017040917-075886,2,                              
2017040917-077364,1,                              
2017040917-082584,1,39:4-50                       
2017040917-082584,2,                              
2017040917-096076,1,                              
2017040917-096076,2,                              
2017040917-100458,1,39:4-97                       
2017040917-104661,1,                              
20170409A310-2017-01251A,1,39 4 50                       
20170409A310-2017-01251A,2,                              
201704112017-01769,1,                              
201704112017-01769,2,                              
201704132017-00079,1,39:4-97.3                     
201704142017-01601,1,                              
201704142017-01601,2,39:4-96                       
20170414A310-2017-00849A,1,39 4 50                       
201704152017-019890,1,39:4-96                       
201704152017-020146,1,39:4-50                       
201704152017-025569,1,                              
201704152017-038167,1,39:4-50                       
201704152017-053598,1,39:4-90                       
201704152017-053598,2,                              
201704152017-053665,1,                              
201704152017-053665,2,                              
20170415A310-2017-00956A,1,39 4 50                       
20170415A310-2017-01724A,1,39 4 97                       
20170415A310-2017-01724A,2,                              
20170415A310-2017-01724A,3,                              
20170415A310-2017-01901A,1,                              
20170415A310-2017-02141A,1,39 4 50                       
20170415A310-2017-02533A,1,                              
20170415A310-2017-03080A,1,39 4 50.15                    
2017041617-266-A,1,39:4-97                       
2017041617-274-A,1,                              
201704182017007606,1,                              
20170418A310-2017-00299A,1,39 4 50                       
20170421A310-2017-00354A,1,39 4 50                       
201704222017-05203,1,                              
201704222017-05203,2,                              
201704232017-000778,1,3-40                          
201704232017-000870,1,39:4-97                       
201704232017-000870,2,                              
201704232017-000926,1,                              
201704232017-000926,2,39:6B-2                       
201704232017-001470,1,39:4-97                       
201704232017-001470,2,                              
201704232017-001781,1,39:4-97A                      
201704232017-002002,1,39:4-81                       
201704232017-002002,2,                              
201704232017-002060,1,                              
201704232017-002060,2,                              
201704232017-002117,1,                              
201704232017-002117,2,                              
201704232017-002117,3,                              
201704232017-003429,1,                              
201704232017-003429,2,                              
201704232017-003643,1,39:4-97                       
201704232017-003643,2,                              
201704232017-003643,3,                              
201704232017-003693,1,                              
201704232017-003693,2,                              
201704232017-003693,3,                              
201704232017-003724,1,                              
201704232017-003724,2,                              
201704232017-003724,3,                              
201704232017-004158,1,39:4-97                       
201704232017-004204,1,                              
201704232017-004204,2,                              
201704232017-004832,1,39:4-97                       
201704232017-004832,2,                              
201704232017-005675,1,                              
201704232017-005675,2,                              
201704232017-005929,1,                              
201704232017-005929,2,                              
201704232017-005929,3,                              
201704232017-005929,4,                              
201704232017-005929,5,                              
201704232017-005929,6,                              
201704232017-006206,1,39:4-97                       
201704232017-006206,2,                              
201704232017-006669,1,                              
201704232017-006669,2,                              
201704232017-007102,1,39:3-4                        
201704232017-007102,2,                              
201704232017-007197,1,39:4-97                       
201704232017-007197,2,                              
201704232017-007726,1,                              
201704232017-007726,2,                              
20170424170015764,1,39:4-97                       
20170424170015764,2,                              
201704252017002548,1,                              
201704252017002548,2,                              
201704252017002897,1,39:4-97                       
201704252017002897,2,                              
201704252017002897,3,                              
201704252017002897,4,                              
2017042717-12337,1,                              
20170427170000659,1,                              
20170427170000659,2,                              
20170427170029650,1,39:4-50                       
20170427170029650,2,                              
20170427170042197,1,                              
20170427170061790,1,39:4-97                       
20170427170069978,1,39:4-97                       
20170427170084369,1,                              
20170427170084369,2,                              
20170427170085155,1,                              
2017043112771-17,1,                              
2017043417-350-AC,1,                              
2017043417-350-AC,2,                              
2017043417-620-AC,1,                              
2017043417-620-AC,2,                              
2017043417-948-AC,1,                              
2017043417-948-AC,2,                              
20170436170019435,1,                              
20170436170034243,1,39:4-88B                      
20170436A160-2017-00443A,1,                              
20170436A160-2017-00504A,1,39 4 96                       
20170436A160-2017-00504A,2,                              
20170436A160-2017-00504A,3,                              
2017043717-00300,1,                              
2017050117-05969,1,39:4-144 FAILURE TO STOP/YIELD
20170504A050-2017-00244A,1,                              
20170504A050-2017-00244A,2,                              
20170504A050-2017-00472A,1,39 4 144                      
20170504A050-2017-00472A,2,                              
20170504E030-2017-00564A,1,                              
201705052017-31795,1,39:4-50                       
201705052017-31795,2,                              
201705052017-42472,1,39:4-97                       
201705052017-42472,2,                              
20170505I-2017-009677,1,39:4-144 FAILURE TO STOP OR Y?
20170505I-2017-009677,2,                              
20170505I-2017-023413,1,                              
20170505I-2017-023413,2,                              
20170506E030-2017-00552A,1,39 4 97                       
20170506I-2017-01738,1,39:4-50 DWI                   
20170506I-2017-32530,1,                              
20170506I-2017-32530,2,                              
20170506I-2017-35737,1,                              
20170506I-2017-36895,1,                              
20170506I-2017-36895,2,                              
20170506I-2017-36895,3,                              
20170506I-2017-37276,1,                              
20170506I-2017-37276,2,                              
20170506I-2017-37463,1,39:4-97 CARELESS DRIVING      
20170506I-2017-37463,2,                              
20170506I-2017-38170,1,                              
20170506I-2017-40453,1,39:3-4 UNREGISTERED VEHICLE   
20170506I-2017-40453,2,                              
20170506I-2017-49405,1,39:4-50 DWI                   
20170511A050-2017-00002A,1,39 4 97                       
20170511A050-2017-00002A,2,                              
20170511A050-2017-00325A,1,39 4 50                       
20170511A050-2017-00349A,1,39 4 97                       
20170511A050-2017-00363A,1,39 4 50                       
20170511A050-2017-00592A,1,                              
20170511A050-2017-00609A,1,                              
20170511A050-2017-00609A,2,                              
20170511E030-2017-00482A,1,39 4 97                       
20170511E030-2017-00890A,1,                              
2017051417-37343,1,                              
2017051417-37343,2,                              
2017051417-50742,1,                              
20170516A050-2017-00625A,1,39 4 97                       
2017060117-20744,1,39:4-50                       
2017060117-20744,2,                              
2017060117-20744,3,                              
2017060117-26263,1,39:4-50                       
2017060117-26263,2,                              
2017060117-26263,3,                              
2017060117-26263,4,                              
20170605A040-2017-00344A,1,                              
20170606A040-2017-00245A,1,39 4 50                       
20170606A040-2017-00245A,2,                              
20170607A040-2017-00071A,1,39 4 50                       
20170609A100-2017-00243A,1,39 4 88B                      
20170609A100-2017-00243A,2,                              
2017061017-02870,1,                              
2017061017-18097,1,39:4-97                       
2017061017-33318,1,                              
2017061017-33318,2,                              
20170613A040-2017-00853A,1,39 4 97                       
20170613A040-2017-00853A,2,                              
201706142017027836,1,39:3-10                       
201706142017027836,2,                              
201706142017032361,1,39:4-144                      
201706142017032361,2,                              
201706142017037937,1,39:4-97                       
201706142017045189,1,39:4-88B                      
201706142017045189,2,                              
201706142017045189,3,NONE                          
201706142017048227,1,NONE                          
201706142017061256,1,39:4-50                       
201706142017071078,1,39:4-97.3                     
201706142017071078,2,                              
201706142017071078,3,NONE                          
201706142017072895,1,NONE                          
201706142017072895,3,NONE                          
201706142017075288,1,NONE                          
201706142017075972,1,NONE                          
201706142017076011,1,39:3-10                       
201706142017076011,2,                              
20170614A100-2017-00339A,1,                              
20170701I-2017-005796,1,                              
20170701I-2017-005796,2,                              
20170701I-2017-006579,1,                              
20170701I-2017-006579,2,                              
20170701I-2017-026386,1,                              
20170701I-2017-031351,1,                              
20170701I-2017-031351,2,                              
20170701I-2017-046470,1,                              
20170701I-2017-046470,2,                              
2017070217-09214,1,                              
2017070217-09214,2,                              
2017070217-16265,1,39:4-50                       
2017070217-16265,2,                              
2017070217-32381,1,                              
2017070217-32381,2,                              
20170702E040-2017-02060A,1,                              
20170702E040-2017-02060A,2,                              
2017070417-14981,1,NONE                          
2017070417-14981,2,                              
2017070417-22154,1,                              
2017070517-014365,1,                              
2017070517-014365,2,                              
2017070517-10987,1,                              
2017070517-10987,2,                              
2017070517-10987,3,                              
2017070517-14707,1,                              
2017070517-14707,2,                              
2017070517-14707,3,                              
2017070517-14707,4,                              
2017070517-15292,1,                              
2017070517-15292,2,                              
2017070517-15292,3,                              
2017070517-15292,4,                              
2017070517-2592,1,39:4-36                       
2017070517-7238,1,                              
2017070517-7238,2,                              
20170705B060-2017-01257A,1,                              
20170705B060-2017-01276A,1,                              
20170705E040-2017-02692A,1,39 4 97                       
20170705E040-2017-02692A,2,                              
20170705E040-2017-02692A,3,                              
20170705E040-2017-02692A,4,                              
20170706EF-2017-007799,1,                              
2017070717-33471,1,                              
2017070717-33471,2,                              
2017070817-28291,1,                              
20170709I-2017-026457,1,39:4-50 DRIVING WHILE UNDER T 
20170709I-2017-026457,2,                              
20170709I-2017-052788,1,                              
20170709I-2017-073379,1,                              
20170709I-2017-082214,1,39:4-97 CARELESS DRIVING      
20170709I-2017-084239,1,39:4-97 CARELESS DRIVING      
20170709I-2017-084239,2,                              
20170709I-2017-086931,1,39:4-50 DRIVING WHILE UNDER T?
20170709I-2017-086931,2,                              
20170709I-2017-086931,3,                              
20170709I-2017-086931,4,                              
20170709I-2017-086931,5,                              
20170709I-2017-091172,1,39:4-36 FAILURE TO YIELD TO P?
20170709I-2017-093376,1,39:4-97 CARELESS DRIVING      
20170709I-2017-095996,1,                              
20170709I-2017-095996,2,                              
20170710I2017-012442,1,39:4-97A CARELESS DRIVING: OP?
20170710I2017-021651,1,39:4-97 CARELESS DRIVING: LIK?
2017071117-43217,1,39:4-97 CARELESS DRIVING      
20170712I-2017-015083,1,39:4-144 FAILURE TO STOP OR Y?
20170712I-2017-015083,2,                              
20170712I-2017-019958,1,                              
20170712I-2017-022771,1,                              
2017071317-RED-172,1,                              
2017071317-RED-241,1,                              
2017071317-RED-407,1,39:4-36A  DRIVER-FAIL TO YIEL?
2017071317RED087,1,                              
2017071317RED1093,1,                              
2017071317RED1093,2,                              
2017071317RED154,1,39:4-97                       
2017071317RED154,2,                              
2017071317RED922,1,39:4-50                       
2017071417-58146,1,39:3-29 FAILURE TO EXHIBIT DO 
2017071417-59051,1,                              
2017071417-59051,2,                              
20170714B130-2017-00575A,1,                              
20170714B130-2017-01671A,1,                              
20170714B130-2017-01671A,2,39 4 50                       
20170714C-2017-000101,1,39:4-50-OPERATE M.V. UNDER    
20170714C-2017-000967,1,                              
20170714C-2017-005516,1,39:4-97 CARELESS DRIVING      
20170714C17066033,1,                              
20170714D030-2017-01851A,1,                              
20170714D030-2017-01851A,2,                              
20170714P1700018317-25,2,                              
20170714P1701476017-2261,1,                              
20170714P1701476017-2261,2,                              
20170714P1705432917-7825,1,                              
20170714P1705432917-7825,2,                              
20170714P1707545917-10952,1,39:4-50 DWI                   
20170714P17084478,1,                              
20170714P1708524617-12531,1,39:4-50 DWI                   
20170714P1708524617-12531,2,                              
20170714P17107455,1,                              
20170714P17118649,1,                              
20170714P17118649,2,                              
20170714P1713052517-19188,1,                              
20170714P17144448,1,                              
20170714P1715067117-22244,1,                              
20170714P1715067117-22244,2,                              
20170714P1715067117-22244,3,                              
20170714P1717579117-26077,1,                              
20170714P1718543417-27479,1,                              
20170714P1718631317-27590,1,                              
20170714P1718631317-27590,2,                              
20170714P1720212817-30017,1,39:3-4 UNREGISTERED VEHICLE   
20170714P1720212817-30017,2,                              
20170714P1722948617-34321,1,                              
20170714P1722948617-34321,2,                              
20170714P1723028817-34428,1,39:4-97 CARELESS DRIVING      
20170714P1723028817-34428,2,                              
20170714P1723028817-34428,3,                              
20170714P1723028817-34428,4,                              
20170714P1723028817-34428,7,                              
20170714P1723050817-34442,1,39:4-96 RECKLESS DRIVING      
20170714P1723050817-34442,2,                              
20170714P1723050817-34442,3,                              
20170714P1723050817-34442,4,                              
20170714P1724830817-37055,1,                              
20170714P1724830817-37055,2,                              
20170714P1724924917-37161,1,                              
20170714P1724924917-37161,2,                              
20170714P1724953017-37194,1,39:4-97 CARELESS DRIVING      
20170714P1724953017-37194,2,                              
20170714P1725316817-37756,1,39:4-96 RECKLESS DRIVING      
20170714P1725612917-38264,1,                              
20170714P1725835717-38525,1,39:3-29 FAILURE TO EXHIBIT DO?
20170714P1725835717-38525,2,                              
20170714P172717017-40509,1,                              
20170714P1733415717-50416,1,39:4-97 CARELESS DRIVING      
20170714P1733724517-50843,1,                              
20170714P1733724517-50843,2,                              
20170714P1733724517-50843,3,                              
20170714P1735784717-54254,1,                              
20170714P1735784717-54254,2,39:4-50 DWI                   
20170714P1738184317-58146,1,39:3-29 FAILURE TO EXHIBIT DO 
20170714P1740302017-61557,1,                              
20170714P1740302017-61557,2,                              
20170714P1740302017-61557,3,                              
2017071617-09735,1,                              
2017071617-09735,2,                              
2017071617-09735,3,                              
2017071617-17264,1,                              
2017071617-17264,2,                              
2017071617-44313,1,39:4(A)(1)                    
20170717I-2017-023039,1,                              
20170717I-2017-023039,2,39:3-29 NO REG/DL/INS CARD IN?
20170717I-2017-044187,1,39:4-129 LEAVING THE SCENE OF?
2017072017000955,1,39:4-50                       
20170721I-2017-018964,1,39:3-75 CRACKED WINDSHIELD    
2017072217000587,1,                              
2017072217000785,1,                              
20170722C-2017-000381,1,39:4-97 CARELESS DRIVING      
20170722C-2017-000381,2,                              
201708012017-07134,1,39:3-10                       
2017080120172922,1,                              
2017080120172922,2,                              
2017080217-000921,1,39:4-97                       
2017080217-000921,2,                              
2017080217-6799,1,39:4-56                       
201708022017023012,1,NONE                          
201708022017023973,1,                              
201708022017024807,1,NONE                          
201708022017024807,2,                              
201708022017031032,1,39:4-97                       
201708022017031032,2,                              
201708022017031680,1,NONE                          
201708022017031680,2,                              
20170802A310-2017-02555A,1,39 4 97                       
201708032017008728,1,NONE                          
201708032017008728,2,                              
20170804201708653,1,39:4-50                       
201708052017-17295,1,39:4-97  CARELESS DRIVING     
201708052017-17295,2,                              
201708052017-3726,1,                              
201708052017-46,1,39:4-50                       
201708052017-7976,1,                              
20170805A310-2017-00214A,1,                              
20170805A310-2017-00214A,2,                              
20170805A310-2017-02804A,1,                              
2017080617-009996,1,NONE                          
201708062017-05117,1,                              
201708062017011206,1,NONE                          
201708062017011206,2,                              
201708062017021538,1,39:4-97                       
201708062017021538,2,                              
201708062017022140,1,39:4-50                       
201708062017029394,1,39:4-32                       
201708082017008396,1,39:4-50                       
201708082017008396,2,                              
201708092017010701,1,NONE                          
201708092017010701,2,                              
201708092017013724,1,NONE                          
20170809A140-2017-00152A,1,39 4 97                       
20170809A140-2017-00271A,1,39 4 49.1                     
20170809A140-2017-00832A,1,                              
20170809A140-2017-00832A,2,                              
201708102017-000893,1,39:4-97                       
201708102017011521,1,39:4-97                       
201708102017011521,2,                              
201708102017014675,1,39:4-97                       
201708112017-002730,1,                              
201708112017012650,1,39:4-50                       
201708112017012650,2,                              
201708112017020309,1,NONE                          
201708112017020309,2,                              
201708112017034383,1,39:4-97                       
201708112017034383,2,                              
201708112017034383,3,NONE                          
201708112017034819,1,NONE                          
201708112017034819,2,                              
201708112017035124,1,39:3-40                       
201708112017037359,1,NONE                          
201708112017037359,2,                              
201708182017018290,1,39:4-50                       
201708182017029211,1,39:4-97                       
201708182017029211,2,                              
201708202017-5310,1,                              
201708202017001224,1,                              
201708202017008958,2,                              
20170820A310-2017-02228A,1,                              
20170820A310-2017-02752A,1,                              
201708222017013158,1,NONE                          
201708222017013158,2,                              
201708222017019312,1,39:4-50                       
201708242017007519,1,NONE                          
201708242017007519,2,                              
201708242017012111,1,39:4-97                       
201708242017012111,2,                              
201709012017-34928,1,                              
201709012017-34928,2,                              
201709012017-34928,3,                              
201709012017-7176,1,                              
201709012017-7176,2,FAIL TO OBSERVE SIGNAL        
20170901SO-17-009608,1,                              
20170901SO-17-009608,2,                              
20170903I-2017-015468,1,39:4-97 CARELESS DRIVING      
20170903I-2017-018682,1,                              
20170903I-2017-018682,2,                              
20170903I-2017-020535,1,                              
20170903I-2017-020535,2,                              
2017090417-011205,1,                              
2017090614724-17,1,                              
2017090617-027770,1,                              
2017090617-028865,1,                              
2017090617-10373,1,39:3-10                       
2017090617-10373,2,                              
2017090617-16214,1,                              
2017090617-16214,2,                              
2017090617-22767,1,                              
2017090617-27880,1,                              
2017090617-8320,1,39:4-144 FAILURE TO STOP      
2017090617-8320,2,                              
2017090620951-17,1,                              
2017090620951-17,2,                              
201709063154-17,1,                              
2017090717-12923,1,                              
2017090717-12923,2,                              
2017090717-14281,1,                              
2017090717-14281,2,                              
2017090717-14281,3,                              
2017090717-28928,1,                              
2017090717-4985,1,39:3-40                       
2017090717-4985,2,                              
2017090717-4985,3,                              
2017090717-9479,1,                              
2017090717001770,1,39:4-96 RECKLESS DRIVING      
2017090717001770,2,                              
2017090817001906,1,                              
2017090817001906,2,                              
2017090817002154,1,                              
2017090817002154,2,                              
2017090817064471,1,39:3-76.7                     
2017090817064471,2,                              
20170908SO-17-035414,1,                              
20170908SO-17-035414,2,                              
2017090917-015230,1,                              
2017091017055409,1,                              
2017091017095784,1,39:4.96                       
20170910SO-17-032403,1,                              
2017091117-08-21-024669,1,39:4-125                      
2017091117-08-21-024669,2,                              
20170911SO-17-007356,1,39:4-97                       
20170911SO-17-007356,2,                              
20170912I-2017-020915,1,                              
20170912I-2017-023271,1,                              
20170912I-2017-047466,1,                              
20170912I-2017-047466,2,                              
20171001C040-2017-00102A,1,                              
20171001C040-2017-00102A,2,                              
20171002B110-2017-00652A,1,                              
20171002B110-2017-01232A,1,                              
20171002B110-2017-01232A,2,                              
201710062017010782,1,                              
201710062017016590,1,39:4-50 DRIVING WHILE INTOXIC 
201710062017028798,1,                              
2017100717046833,1,                              
2017100717064923,1,                              
2017100717184696,1,                              
20171016C040-2017-00215A,1,                              
2017101717002242,1,                              
2017101717005452,1,39:4(36)                      
2017101917095939,1,39:4.97                       
2017102117038597,1,39:4(50)                      
2017102117038597,2,                              
2017102117072172,1,                              
2017102117072172,2,                              
2017102117097136,1,                              
2017102117097136,2,                              
2017102217176921,1,39:4.97                       
2017102417004230,1,39:4(82)                      
20171024B110-2017-00038A,1,39 4 50                       
2017102617100743,1,                              
2017102617100743,2,                              
2017102617100743,3,                              
2017102617100743,4,                              
2017110117-9859,1,                              
20171102I-2017-021088,1,39:4-97 CARELESS DRIVING      
2017110317-13680,1,                              
2017110317-16062,1,39:4-97                       
2017110317-17195,1,39: 4-144                     
2017110317-17195,2,                              
2017110317-22060,1,39:4-81                       
2017110317-22060,2,                              
2017110317-25717,1,39:4-97                       
2017110317-25717,2,                              
2017110317-25717,3,                              
2017110317-27378,1,39:4-97                       
2017110317-27378,2,                              
2017110317-33709,1,39:4-96                       
2017110317-35391,1,                              
2017110317-38713,1,                              
2017110317-43904,1,39:3-4                        
2017110317-43904,2,                              
201711031737211,1,39:4-144                      
201711031737211,2,                              
20171103C060-2017-00308A,1,                              
20171103C060-2017-01116A,1,39 3 13.4                     
20171103C060-2017-01116A,2,                              
20171103C060-2017-01852A,1,39 4 88B                      
20171103C060-2017-01852A,2,                              
20171103D020-2017-00858A,1,                              
20171103D020-2017-00858A,2,                              
20171103D020-2017-00858A,3,                              
20171106HT2017-001284,1,                              
20171106HT2017-003998,1,39:4-144 FAILURE TO STOP OR Y?
20171106HT2017-003998,2,                              
20171106HT2017-009099,1,                              
2017110717-17927-AC,1,                              
2017110717-17927-AC,2,                              
20171107C060-2017-00325A,1,                              
20171107C060-2017-00325A,2,                              
2017111117-006607,1,39:4-97 CARELESS DRIVING      
2017111117000139,1,FAILURE TO STOP OR YIELD      
2017111117000139,2,                              
2017111117001664,1,DRIVING WHILE INTOXICATED     
2017111117002475,1,RECKLESS DRIVING              
2017111117002583,1,DRIVING WHILE INTOXICATED     
2017111117002583,2,                              
2017111117002583,3,                              
2017111117002583,4,                              
20171112C060-2017-01568A,1,                              
20171112I-2017-003762,1,39:4-97 CARELESS DRIVING      
20171112I-2017-026732,1,                              
201711132017-13037,1,                              
201711132017-1813,1,39:4-50                       
201711132017-1813,2,                              
201711132017-1813,3,                              
201711132017-1813,4,                              
2017111417-00473,1,39:4-36                       
2017111417-23441,1,                              
2017111417-23441,2,                              
2017111417-23441,3,                              
2017111417-35365,1,                              
2017111417-36750,1,39:4-36                       
2017111417-38502,1,39:3-4                        
2017111417-38502,2,                              
20171201I-2017-012739,1,39:3-10 UNLICENSED DRIVER     
20171201I-2017-012739,2,                              
20171202I-2017-002893,1,39:4-97 CARELESS DRIVING      
20171202I-2017-002893,2,                              
20171202I-2017-004083,1,                              
20171202I-2017-012490,1,39450 DRIVING WHILE UNDER THE?
20171202I-2017-012490,2,                              
20171202I-2017-012941,1,39:4-97 CARELESS DRIVING      
2017120317076579,1,39:3-40                       
2017120417-15781,1,39:4-50  39:4-96  39:4-88B    
2017120417-33719,1,                              
2017120417-33719,2,                              
2017120417-33719,3,39;4-130 FAUL TO REPORT       
2017120417-44744,1,                              
2017120417-50370,1,                              
2017120417-50370,2,                              
2017120417-63056,1,39:3-40                       
2017120417-70214,1,                              
2017120517000586,1,39:4-97                       
2017120517000586,2,                              
2017120517011388,1,39:4-50                       
2017120517014799,1,                              
2017120517014799,2,                              
2017120517024310,1,                              
2017120517053354,1,                              
2017120517053354,2,                              
2017120517062887,1,39:4-81 FAILURE TO OBSERV     
2017120517062887,2,                              
2017120517069357,1,RECKLESS                      
2017120517069357,2,                              
20171205B130-2017-01210A,1,                              
20171205D010-2017-00652A,1,39 4 97                       
20171205D010-2017-00893A,1,                              
20171205D010-2017-00893A,2,                              
2017120817-174,1,39:4-50                       
2017120817-174,2,                              
2017120917006029,1,                              
2017120917006029,2,                              
2017120917036769,1,                              
2017120917044757,1,                              
2017120917044757,2,                              
2017120917047192,1,39:4-50                       
2017121317031650,1,                              
2017121317031650,2,                              
2017121317040493,1,                              
2017121417-36733,1,                              
2017121417-36733,2,                              
2017121417-36733,3,                              
2017121417-70584,1,                              
2017121417-70584,2,                              
2017121417-74416,1,CARELESS DRIVING              
2017121417-78313,1,                              
2017121417-78313,2,                              
2017121417-78313,3,                              
2017121417-81763,1,NONE                          
2017121417-81763,2,                              
2017121517059294,1,39:4-97                       
2017121517059294,2,                              
2017121517067221,1,                              
2017121617069817,1,                              
20171216B130-2017-01210A,1,                              
20171216B130-2017-04506A,1,                              
20171216B130-2017-04506A,2,                              
2017121717-05890,1,                              
2017121717-40577,1,                              
2017121717-44503,1,                              
2017121817-03945,1,39:4-81                       
2017121817-10096,1,39:4-81                       
2017121817-10096,2,                              
2017121917000045,1,                              
2017121917000045,2,                              
2017121917009894,1,                              
2017121917009894,2,                              
2017121917009894,3,                              
2017121917011951,1,                              
2017121917018439,1,                              
2017121917023290,1,                              
20171219E050-2017-01006A,1,                              
20171219E050-2017-01006A,2,                              
20171219E050-2017-01006A,3,                              
20171219E050-2017-01006A,4,39 3 10                       
20171221I-2017-035083,1,39:4-96 RECKLESS DRIVING      
20171221I-2017-035083,2,                              
20171221I-2017-049496,1,39:4-88 MARKED LANES          
20171221I-2017-049496,2,                              
20171221I-2017-055969,1,                              
20171221I-2017-060507,1,                              
20171221I-2017-060507,2,                              
20171221I-2017-065051,1,                              
20171221I-2017-070932,1,                              
2017122217-15488,1,                              
2017122517039312,1,39:6B-2                       
2017122517039312,2,                              
2017122517067118,1,                              
2017122517067118,2,                              
2017122517067118,3,                              
2017122517067118,4,                              
2017122517067118,5,                              
2017122517067118,6,                              
2017122517067118,7,                              
2017122517070269,1,                              
2017122517077834,1,39:4-97                       
2017122517077834,2,                              
2017122517085918,1,                              
2017122517085918,2,                              
2017122517094452,1,                              
2017122517094452,2,                              
2017122517116884,1,                              
2017122517116884,2,                              
20171225B130-2017-04007A,1,                              
20171225B130-2017-04007A,2,                              
20171225E040-2017-04473A,1,39 4 97                       
20171225E050-2017-01190A,1,39 4 50.15                    
20171225E050-2017-01908A,1,                              
20171225E050-2017-01908A,2,                              
2017130317AP17805,1,39:4-144                      
2017130317AP17805,2,                              
20171310DPD2017-007223,1,                              
20171310DPD2017-007223,2,39:4-90 FAIL TO YIELD AT INTE?
20171311I-2017-000063,1,                              
20171311I-2017-018573,1,                              
2017131617FT07556,1,                              
2017131817-7261-AC,1,39:4 50 OPERATING M.V. UNDER ?
20171318E050-2017-00192A,1,                              
2017131917-11280-AC,1,                              
2017131917-33678-AC,1,39:4 50                       
2017131917-33751-AC,1,                              
2017131917-46430-AC,1,                              
2017131917-46430-AC,2,                              
2017131917-46430-AC,3,                              
2017131917-46430-AC,4,                              
2017131917-64985-AC,1,                              
2017131917-64985-AC,2,                              
201713212017000911,1,39:3-40                       
201713212017003607,1,                              
201713212017004253,1,                              
201713212017004253,2,                              
2017132217-7564,1,                              
2017132217-7564,2,                              
2017132217-8278,1,39:3-10 DRIVING WITHOUT A LIC?
2017132217-8278,2,                              
2017132517LB29031,1,39:4-97                       
2017132617MN07129,1,39:4-50                       
2017132617MN07129,2,                              
2017132617MN14413,1,                              
2017132617MN14413,2,                              
2017132817-005820,1,                              
2017132817-005820,2,                              
2017132817-005820,3,                              
2017132817-00652,1,39:3-10B                      
2017132817-032787,1,                              
2017132817-032804,1,                              
2017132817-032804,2,                              
20171330E050-2017-01260A,1,                              
20171330E050-2017-01260A,2,39 4 50                       
20171330I-2017-010166,1,                              
20171330I-2017-010166,2,                              
20171330I-2017-013059,1,                              
2017133117MT04783,1,                              
2017133117MT04783,2,                              
2017133117MT10409,1,39:4-97                       
2017133117MT21693,1,39:4-97                       
20171332C060-2017-00077A,1,                              
20171332C060-2017-00077A,2,                              
20171332C060-2017-00745A,1,                              
20171332C060-2017-00745A,2,                              
20171332C060-2017-00745A,3,                              
20171332C060-2017-01578A,1,                              
20171332C060-2017-01578A,2,39 4 97                       
20171332C060-2017-01612A,1,                              
20171332C060-2017-01612A,2,                              
20171332C060-2017-01918A,1,                              
20171332C060-2017-01985A,1,                              
2017133417NT15695,1,39:4-97                       
2017133417NT15695,2,                              
2017133417NT15695,3,                              
2017133417NT15695,4,                              
2017133417NT21587,1,39:4-50                       
2017133417NT28809,1,39:4-97                       
2017133617TF08913,1,39:4-97                       
2017133617TF08913,2,                              
2017133617TF11788,1,                              
2017133617TF11788,2,                              
2017133617TF17214,1,                              
2017133617TF17564,1,39:4-90                       
2017133617TF17564,2,                              
20171336E050-2017-01166A,1,                              
20171336E050-2017-01356A,1,                              
20171336E050-2017-01568A,1,39 4 50                       
2017133817OP01234,1,                              
2017133917-182-AC,1,                              
2017133917-586-AC,1,39:310                        
2017133917-586-AC,2,                              
2017133917-680-AC,1,39:497                        
2017133917-680-AC,2,                              
20171339E050-2017-00957A,1,39 4 97                       
2017134017-17634,1,                              
2017134017-17634,2,                              
2017134017-19682,1,39:4-97                       
201713502017008182,1,NONE                          
201713502017008182,2,                              
20171351C060-2017-01365A,1,                              
20171351C060-2017-01365A,2,                              
201713522017-01429,1,39:4-50                       
201713522017-01429,2,                              
201713522017-02882,1,N.J.S.A. 39:4-50              
201713522017-02882,2,                              
201713522017-02882,3,                              
201713522017-03223,1,                              
20171352E050-2017-00621A,1,39 4 98                       
20171352E050-2017-00621A,2,                              
20171352E050-2017-01677A,1,                              
20171352E050-2017-01677A,2,39 4 97                       
2017135317WB01298,1,                              
2017135317WB01298,2,                              
2017135317WB01298,3,                              
2017135317WB02739,1,39:3-40                       
2017140117-00070,1,39:4-97                       
2017140117-00070,2,                              
2017140117-00070,3,                              
201714042017-006977,1,39436                         
201714042017-006977,3,                              
201714042017-006977,4,                              
201714042017-007167,1,                              
201714042017-007167,2,39481                         
201714082017-021044,1,                              
201714092017-013203,1,                              
201714092017-013203,2,39:4-77                       
201714102017-008565,1,                              
201714102017-008565,2,39:4-97                       
2017141217-32101,1,                              
20171412B080-2017-01213A,1,                              
20171412B080-2017-01213A,2,                              
20171412B080-2017-01862A,1,                              
20171412B080-2017-01862A,2,39 4 97                       
201714182017-003899,1,39:4-97                       
201714182017-003899,2,                              
201714212017002054,1,NONE                          
201714212017002054,2,                              
20171421B080-2017-01894A,1,                              
201714222017-014390,1,                              
201714232017-001542,1,39:3-76.2F                    
201714232017-001542,2,                              
201714242017-013677,1,                              
201714242017-013677,2,39:4-97A CARELESS DRIVING     
2017142517-0190,1,                              
2017142517-0190,2,                              
20171427B080-2017-02893A,1,                              
20171427I-2017-001451,1,39:4-90 FAILURE TO YIELD RIGH?
20171427I-2017-001451,2,                              
20171427I-2017-004626,1,                              
20171427I-2017-004626,2,                              
20171427I-2017-037699,1,                              
201714292017003736,1,NONE                          
201714292017003736,2,                              
201714292017028750,1,NONE                          
201714292017028750,2,                              
20171429B060-2017-00716A,1,39 4 89                       
20171429B060-2017-00716A,2,                              
20171429B060-2017-00716A,3,                              
20171429B060-2017-00716A,4,                              
20171429B080-2017-00587A,1,                              
20171429B080-2017-00587A,2,                              
20171429B080-2017-01431A,1,39 3 40                       
20171429B080-2017-02138A,1,                              
2017143317-2396,1,39:4-50                       
201714342017-008009,1,39:4-50                       
201714342017-008009,2,                              
20171435B080-2017-01103A,1,                              
20171435B080-2017-03062A,1,39 4 50                       
20171435B080-2017-03062A,2,                              
20171435I-2017-013496,1,39:4-50 OPERATING UNDER INFLU?
20171435I-2017-013496,2,                              
201714362017-021762,1,CARELESS DRIVING              
201714382017-019592,1,39:4-97                       
2017150517001552,1,CARELESS DRIVING              
2017150517001600,2,                              
2017150517002396,1,FAILURE TO STOP OR YIELD      
2017150517002396,2,                              
2017150517003041,1,RECKLESS DRIVING              
2017150517003041,2,                              
2017150517003201,1,CARELESS DRIVING              
2017150517003201,2,                              
2017150517003349,1,                              
201715062017-00012416,1,                              
201715062017-00067190,1,39:3-40                       
201715062017-00075338,1,39:4-88A                      
201715062017-00075338,2,                              
2017150717-01626,1,39:4-97                       
2017150717-03316,1,                              
2017150717-03316,2,39:4-97                       
2017150717-06654,1,                              
2017150717-11735,1,                              
2017150717-12889,1,39:4-98                       
2017150717-12889,2,                              
2017150717-13856,1,39:4-97                       
2017150717-13856,2,                              
2017150717-15113,1,39:4-81                       
2017150717-15113,2,                              
2017150717-15113,3,                              
2017150717-15960,1,39:4-90                       
2017150717-15960,2,                              
2017150717-22265,1,39:4-97                       
2017150717-22265,2,                              
2017150717-32275,1,                              
2017150717-32275,2,39:4-50                       
2017150717-43895,1,39:4-97                       
2017150717-44499,1,                              
2017150717-47795,1,                              
2017150717-57101,1,                              
2017150717-57101,2,                              
2017150717-60370,1,                              
2017150717-63510,1,39:4-88B                      
2017150717-67689,2,                              
20171507C060-2017-01612A,1,                              
20171507C060-2017-01612A,2,                              
20171507E030-2017-01136A,1,39 4 50                       
20171508C120-2017-00069A,1,                              
20171511C060-2017-01527A,1,                              
20171511I-2017-023858,1,39:4-88 TRAFFIC ON MARKED LAN?
20171511I-2017-023858,2,                              
20171511I-2017-023858,3,                              
2017151217-024804,1,39:3-4                        
2017151217-024804,2,                              
2017151217-026940,1,39:4-50                       
2017151217-026940,2,                              
201715132017-00382,1,39:4-50 DRIVING WHILE UNDER T?
201715132017-05779,1,39:4-96 RECKLESS DRIVING      
2017151417-004872,1,                              
2017151417-004872,2,                              
2017151417-016472,1,                              
2017151417-016472,2,                              
2017151417-016602,1,39:4-97                       
2017151417-016602,2,                              
2017151417-021804,1,39:4-97                       
2017151417-021804,2,                              
2017151417-029357,1,39:4-97                       
2017151417-029357,2,                              
2017151417-034560,1,                              
2017151417-034560,2,39:4-96                       
2017151417-039882,1,                              
2017151417-039882,2,                              
2017151417-058325,1,                              
2017151417-063536,1,                              
2017151417-063536,2,                              
2017151417-063536,3,                              
2017151417-063594,1,                              
20171515L17-0268,1,                              
20171515L17-0411,1,                              
20171515L17-2453,1,                              
20171515L17-2453,2,                              
2017151617-817,1,39:4-50                       
2017151617-817,2,                              
2017151617LE14367,1,39:4-97                       
2017151617LE14642,1,                              
2017151617LE17434,1,39:4-97.3(A)                  
2017151617LE17434,2,                              
2017151617LE17434,3,                              
201715182017-269,1,                              
201715182017-269,2,                              
201715182017-282,1,39:4-88                       
201715182017-290,1,                              
201715182017-290,2,39:4-144                      
201715182017-411,1,39:4-97                       
201715182017-509,1,39:3-72                       
201715182017-509,2,                              
20171518M17-02486,1,39:4-90                       
20171518M17-02486,2,                              
20171518M17-02486,3,                              
20171518M17-13343,1,39:3-76.2F                    
20171520E030-2017-00495A,1,                              
2017152517-102,1,                              
2017152517-102,2,                              
2017152517-164,1,FAILURE TO STOP (39:4-144)    
2017152517-164,2,                              
2017152517-98,1,                              
20171526I-2017-05616,1,                              
20171526I-2017-05616,2,                              
20171530E030-2017-00112A,1,39 4 97                       
20171530I-2017-023089,1,                              
2017153317BN16009,1,39:4-97                       
2017153317BN16009,2,                              
2017153317BN16388,1,39:4-97                       
2017153317BN18030,1,39:4-90                       
2017153317BN18030,2,                              
2017153317BN18388,1,39:4-88B                      
201716022017018656,1,NONE                          
201716022017018656,2,                              
201716022017020555,1,NONE                          
201716022017020555,2,                              
201716022017021541,1,NONE                          
201716022017021541,2,                              
201716022017021892,1,NONE                          
201716022017021892,2,                              
201716022017023421,1,NONE                          
201716022017025566,1,                              
201716022017029940,1,39:4-36                       
201716022017029962,1,39:3-29                       
201716022017029962,2,                              
201716022017031947,1,NONE                          
201716022017031947,2,                              
201716022017039074,1,NONE                          
201716022017039074,2,                              
201716022017046035,1,NONE                          
201716022017046035,2,                              
201716022017049239,1,39:3-40                       
201716022017049239,2,                              
201716022017054425,1,                              
201716022017061728,1,NONE                          
201716022017061728,2,                              
201716022017061728,3,NONE                          
201716022017061728,4,                              
201716022017064551,1,NONE                          
201716022017064551,2,                              
201716022017066589,1,                              
201716022017066589,2,                              
20171602E040-2017-00499A,1,                              
2017160417-12738,1,                              
2017160417-12738,2,                              
2017160417-18309,1,39:3-4                        
2017160417-18309,2,                              
2017160417-24440,1,39:3-33                       
2017160517-05623,1,39:4-96                       
2017160517-05623,2,                              
2017160517-05967,1,                              
2017160617-3062,1,FAILURE TO KEEP RIGHT         
2017160617-3062,2,                              
2017160617-3062,3,                              
2017160717-00052,1,                              
2017160717-00052,2,39:4-97; CARELESS             
2017160717-03278,1,                              
2017160717-43774,1,                              
2017160717-43774,2,39:3-40                       
2017160717-47833,1,39:4-97                       
2017160717-52997,1,                              
2017160717-55384,1,                              
2017160717-55384,2,                              
2017160817-018507,1,                              
2017160817-018507,2,                              
2017160817-053056,1,                              
2017160817-067044,1,FAILURE TO REPORT ACCIDENT    
2017160817-067044,2,                              
2017160817-077810,1,                              
2017160817-077810,2,                              
2017160817-077810,3,39:4-96                       
2017160817-077810,4,                              
2017160817-100130,1,                              
2017160817-112200,1,                              
2017160817-112200,2,                              
2017160817-114296,1,                              
2017160817-54127,1,                              
201716082017-007027,1,                              
201716082017-108405,1,                              
20171608B060-2017-00697A,1,39 4 97                       
20171608B060-2017-00697A,2,                              
20171608B060-2017-03838A,1,                              
20171608B060-2017-03910A,1,                              
201716092017000908,1,39:4-97                       
201716092017002082,1,NONE                          
20171611I-2017-007430,1,39:4-97 CARELESS DRIVING      
20171611I-2017-007430,2,                              
20171611I-2017-008487,1,                              
20171612B060-2017-02704A,1,                              
2017161317-03388,1,                              
2017161317-03388,2,                              
2017161317-03388,3,                              
201716142017013970,1,39:4-50                       
201716142017013970,2,                              
201716142017013970,3,NONE                          
201716142017013970,4,                              
201716142017013970,5,NONE                          
201716142017032509,1,NONE                          
201716142017032509,2,                              
201716142017049765,1,NONE                          
201716142017051091,1,NONE                          
201716142017053322,1,39:4-81                       
201716142017053322,2,                              
2017161517-12242-AC,1,39:340                        
2017161517-16203-AC,1,39:450                        
2017161517-4407-AC,1,                              
2017161517-5141-AC,1,                              
2017161517-6292-AC,1,39:4 50                       
20171701A140-2017-00755A,1,39 4 97                       
20171701A140-2017-00833A,1,                              
20171706A140-2017-00002A,1,                              
20171709A140-2017-00230A,1,                              
20171709A140-2017-00230A,2,                              
20171710A040-2017-00141A,1,39 4 50                       
20171710A040-2017-00894A,1,39 4 50                       
20171711A140-2017-00483A,1,39 4 96                       
20171711A140-2017-00483A,2,                              
20171711A140-2017-00483A,3,                              
20171712SC-2017-02068,1,39:4-97 CARELESS DRIVING      
20171712SC-2017-02068,2,                              
20171713CP-2017-07889,1,                              
20171714A040-2017-00489A,1,                              
20171714A140-2017-00434A,1,                              
20171801B130-2017-03265A,1,39 4 50                       
2017180517004220,1,                              
2017180617052292,1,                              
2017180617052292,2,                              
2017180617076340,1,                              
2017180617076340,2,                              
2017180617284262,1,39:4-90                       
2017180617284262,2,                              
2017180817043649,1,                              
2017180817043649,2,                              
2017180817056131,1,                              
2017180817056774,1,39:4-50                       
2017180817057633,1,39:4-97                       
2017180817067816,1,39:4-97                       
2017180817067816,2,                              
201718102017-1258,1,                              
201718102017-1258,2,                              
2017181117123636,1,39:4-36                       
2017181117261096,1,39:4-88B                      
2017181317008755,1,                              
2017181317021460,1,39:4-144                      
2017181317021460,2,                              
2017181317022168,1,39:4-50                       
2017181317023940,1,39482                         
2017181317023940,2,                              
20171814I-N2017-005210,1,39:3-40 LICENSE/ REGISTRATION?
20171814I-N2017-005210,2,                              
20171814I-N2017-005210,3,                              
20171814I-N2017-009502,1,39:4-50 DWI                   
20171814I-N2017-009502,2,                              
20171814I-N2017-009502,3,                              
2017181617009160,1,                              
2017181817001466,1,                              
2017181817001466,2,                              
20171820B130-2017-03282A,1,                              
20171820B130-2017-03931A,1,39 3 40                       
20171820I-2017-005101,1,39:4-50 OPERATE MOTOR VEHICLE?
20171820I-2017-016653,1,39:4-97 CARELESS DRIVING      
2017182117-24916,1,                              
20171902I-2017-008217,1,39:6B-2 UNINSURED MOTORIST    
20171905B050-2017-00447A,1,39 4 50                       
20171905B050-2017-01309A,1,                              
20171905B050-2017-01309A,2,                              
20171905B050-2017-01309A,3,                              
20171908B050-2017-00369A,1,                              
20171910B050-2017-00862A,1,                              
20171910B050-2017-00862A,2,                              
2017191217-04631,1,                              
20171914B050-2017-00247A,1,                              
20171919SB2017-002713,1,                              
20171919SB2017-002713,2,39:4-97 CARELESS DRIVING      
20171919SB2017-002736,1,                              
20171919SB2017-002736,2,                              
20171920B050-2017-00688A,1,                              
20171921B050-2017-00194A,1,                              
20171921B050-2017-00194A,2,                              
2017192217-15397,1,                              
20171924B050-2017-00413A,1,39 4 50                       
20171924B050-2017-01407A,1,                              
20172001I-2017-14429,1,39:4-50 DRIVING WHILE UNDER T?
2017200217-32902,1,39:4-50                       
20172002E040-2017-05526A,1,                              
20172002E040-2017-05526A,2,                              
20172002E040-2017-05526A,3,                              
20172002E040-2017-05526A,4,                              
2017200317-18683,1,                              
2017200317-18683,2,                              
2017200317-34000,1,                              
2017200317-57918,1,CARELESS DRIVING 39:4-97      
2017200417-001604,1,                              
2017200417-001604,2,                              
2017200417-001604,3,                              
2017200417-008020,1,                              
2017200417-008020,2,                              
2017200417-008020,3,                              
2017200417-056133,1,SUSPENDED  FICTITOUS          
2017200417-058198,1,                              
2017200417-063724,1,                              
2017200417-064270,1,                              
2017200417-064270,2,                              
2017200417-065965,1,39:4-48                       
2017200417-065965,2,                              
2017200417-065965,3,                              
2017200417-065965,4,                              
2017200417-075554,1,                              
2017200417-078518,1,                              
2017200417-092246,1,39:3-10                       
2017200417-093298,1,                              
2017200417-093298,2,39:4-96                       
2017200417-136716,1,                              
2017200417-136716,2,39450                         
2017200417-139602,1,                              
2017200417-139602,2,                              
20172004D030-2017-02220A,1,                              
20172004D030-2017-02220A,2,                              
20172004D030-2017-02220A,3,                              
20172007B130-2017-03163A,1,                              
20172007B130-2017-03672A,1,                              
20172007B130-2017-03672A,2,                              
20172007E040-2017-03816A,1,                              
20172007E040-2017-04252A,1,                              
20172007E040-2017-04252A,2,                              
2017200917000157,1,                              
2017200917000157,2,                              
2017200917004650,1,                              
2017200917004650,2,                              
2017200917017141,1,                              
2017200917017299,1,                              
2017200917025183,1,                              
2017200917025894,1,                              
2017200917025894,2,                              
2017200917053022,1,                              
2017200917054526,1,                              
20172009D030-2017-01735A,1,39 6B 2                       
2017201217-031726,1,39:4-97 (CARELESS DRIVING)    
2017201217002924,1,39:4-97                       
2017201217004125,1,                              
2017201217004125,2,                              
2017201217006193,1,                              
2017201317-01279,1,                              
2017201317-13331,1,39:6B-2                       
2017201317-22387,1,                              
2017201317-45721,1,                              
2017201317-45721,2,                              
2017201317-45721,3,                              
2017201417-20519,1,39:4-97                       
2017201417-20519,2,                              
2017201417-26782,1,                              
2017201417-26782,2,                              
2017201517-28558,1,                              
2017201917-13171,1,                              
2017201917-3154,1,                              
2017201917-3154,2,                              
20172019E040-2017-03408A,1,39 4 97                       
20172019E040-2017-04711A,1,                              
20172019E040-2017-04711A,2,39 4 97                       
20172019UP-02885-17UP-0404?,1,DWI  RECKLESS                 
20172019UP-04110-17UP-0566?,1,CARELESS  FAIL OBSERVE TRAFFI?
20172019UP-04110-17UP-0566?,2,                              
20172019UP-041141-17,1,                              
20172019UP-04870-17UP-0662?,1,39:4-50                       
20172019UP-058456-17,1,39:4-97                       
20172019UP-058456-17,2,                              
20172019UP-058456-17,3,                              
20172019UP-058456-17,4,                              
2017202017-12963,1,                              
2017202017-12963,2,                              
201721012017-007873,1,39:4-97                       
201721012017-007873,2,                              
201721012017-007873,3,                              
20172101B020-2017-00613A,1,39 3 10                       
20172101B020-2017-00741A,1,39 4 97                       
201721042017-003461,1,                              
201721042017-003461,2,                              
20172105B150-2017-00321A,1,                              
20172107B110-2017-01035A,1,                              
201721082017-009046,1,                              
201721082017-009046,2,                              
20172111B020-2017-00228A,1,                              
20172111B020-2017-00228A,2,                              
20172111B020-2017-00228A,3,                              
20172111B020-2017-00303A,1,                              
20172113B020-2017-00242A,1,                              
201721152017-009174,1,                              
201721152017-009174,2,                              
201721152017-009652,1,39:3-10                       
201721162017-003333,1,39:3-4                        
201721162017-003333,2,                              
201721172017-010665,1,39:4-97                       
201721172017-010665,2,                              
201721172017-010665,3,                              
201721192017-001551,1,39:4-50                       
201721192017-017414,1,39:4-88B                      
201721192017-017414,2,                              
201721192017-022050,1,                              
201721202017-007387,1,                              
201721202017-008303,1,                              
201721222017-007281,1,                              
201721222017-007281,2,                              
201721222017-018001,1,39:4-97                       
201721222017-018001,2,                              
201721222017-018001,3,                              
20172123B150-2017-00053A,1,39 4 97                       
20172123B150-2017-00053A,2,                              
20172123B150-2017-00294A,1,                              
